sentence,label
den eixa ellinika sto kinito mou gia xronia kai akoma kai twra pou exw stelnw minymata se greeklish apo synieia,greeklish
ymamai na einai kai na vlepw greeklish na xrisimopoiountai akomi kai sta forums,greeklish
eixan ki afta tin plaka tous,greeklish
episis ym kn pk,greeklish
ira gia na dw ta sxolia sta greeklish,greeklish
gia na katastrepsw tin ellhnikh koultoura kai glwssa na diaftheirw th neolaia kai na tous kanw olous na strepsoun tin plati tous makria apo tis patroparadotes paradoseis kai politismo epeidi volevei kai epeidi variemai na allaksw se ellhnika dialekse oti ap ta thes,greeklish
giati turning point kata twn greeklish htan ena spot tou kanakh sthn thleorash,greeklish
den mou aresei oute kanakhs oute h thleorash,greeklish
sinithos kano gia nostalgikous logous sigkekrimena atoma,greeklish
einai ena prama opos otan milao pontiaka kana pontio,greeklish
egw prosopika eimai eksotraika kai pc mou dn pernei elleniko keyboard episeis eimai apo pc tis douleias,greeklish
giati oxi,greeklish
epeidh kapote sou eipe kanakis na mhn kaneis,greeklish
variemai na allaxw th glwssa apo agglika se ellhnika epeidh xrhsimopoiw lexeis kai apo tis duo glwsses sunexeia kai mporw na sunnenohw fine,greeklish
ikseres pos kosmos egrafe greeklish aiones prin esy gennitheis,greeklish
oxi,greeklish
tora omos ksereeis,greeklish
gia istorikous logous loipon,greeklish
giati h orthografia mou einai xalia kai ta greeklish mporo na kripso,greeklish
giati na min grafoume greeklish op,greeklish
idietaira kaneis,greeklish
elliniko alfavito exei xaraktires enw latiniko auto shmenh oti kathe xaraktiras mporei na antixithi enan apo tous latinikou kai perisevoun q j kai c kapoios kseri oti orthografia sta ellinika mporei na grafei swsta kai greeklish,greeklish
giati einai proto step gia na gamiseis fasaia,greeklish
de xreiazesai mpriki gia kaneis elliniko kafe pleon exei k allous pio sinxronous eukoloterous tropous,greeklish
giati na prepei na grapsw tonous kai ena karavi orthografias,greeklish
ti kerdizw pera apo tin astinomeusi tou grammar police kai tous thewritikous pou theloun na sinexisoun na kanoun idietaira arxaia kai nea ellinika,greeklish
honest question,greeklish
milao kai grafo pio sixna se agglika opote exo sinithisi pio poli ta grammata,greeklish
gia na grapso ellinika ksodevo ton diplasio xrono vazo kai autocorrect gia tonous,greeklish
giati na min grafoume greeklish gia peite mas,greeklish
den kserw orthografia,greeklish
varieme na girizw piso gia na diorthoso tin orthografia,greeklish
giati otan ksekinisa ypologistes imoun agglia kai den xreiastike pote na grapso sta ellinika,greeklish
tora zo ameriki opote den exo pliktrologisei sta ellinika pote sti zoi mou kai einai poly pio dyskolo tora pia,greeklish
giati grafoume agglika kurios olh mera kai den tha allazoume sunexeia plhktrologio,greeklish
tha kanw ligo gatekeeping twra,greeklish
alla eixame internet polu prin mesos kosmos na parei xampari ti paizei,greeklish
milagame etsi apo kairous msn kai oi pio megaloi akoma pio prin,greeklish
anything opoios den grafei greeklish einai periergos gia emena,greeklish
malaka den kserw orthografia keyboard enw ama ta grafw stilo panw sto xarti vgenoun mia xara,greeklish
ase mas kai esu twra,greeklish
akribos auto,greeklish
mlk genithikame den eixe kan ellinikous xaraktires otan mpename modem sto internet kai erxete kathe mouliko na mas tin pei pou grafoume greeklish,greeklish
xoris emas den tha ipirxe greeklish moulika,greeklish
kai pou de diavazeis esu den allazei kati,greeklish
greeklish ftw,greeklish
epeidi eisai sporos tou satana kai theleis na katastrepseis thn ellinikh neolaia,greeklish
kaneis den xrisimopoiouse greekish twra tha zousame thn deyterh ellinikh anagennisi,greeklish
megaleksandors kataktouse thon kosmo kai oi trappers den plakonontousan se dimosious xorous,greeklish
en etei pou exei orthografo akoma kai psugeio na nomizeis oti orthografia einai thema deixnei posi antilipsi exeis,greeklish
resu mperdeuomai para polu giati ta grammata dn einai sthn idia thesi opws sthn ellada px eimai germania kai germania exw ano kato wasd dn einai kan wasd opote grafw ta panta agglika grammatakeyboard pou einai polu pio eukolo,greeklish
thelei run administrator kai emeis mpenoume apo user logariasmo administrator exei kodiko dn kserw twra tosa polla apo pcs,greeklish
oxi alla autos arxise olo auto kinhma mhn kolas sto onoma,greeklish
den uparxei kanenas sovaros logos na mhn grafei kapoios greeklish apo th stigmh pou mporei kai sunennoeitai,greeklish
grafw greeklish apo sto internet,greeklish
htan kai einai eukolotero na katalavei kaneis ti grafw otan prospathw na xrisimopoiisw stoixeiwdi orthografia sto keimeno,greeklish
thema sinithias guess,greeklish
xb edit tha protimousa na upirxe enas kwdikas gia pws tha prepei na grafoume sta ellinika agglikous xaraktires,greeklish
prwton pou dn exw pc kai deuteron pou eimai st pc tis douleias opos sto eipa dn mporw na valw greek alphabet tha mou prizoun ta arxidia meta,greeklish
egw st pc douleuw st grafeio twra eimai douleia dn exw ti na kanw,greeklish
xazeuw apo dw kai apo kei,greeklish
episeis prospathisa na katevasw games kai dn afinei na kanw instal giati thelei administrator,greeklish
katalavainw kai einai kalo auto pou kaneis alla emena dn endiaferei na katsei na dei boss mou ti,greeklish
reddit post pou sxoliasw gt dn exw greek keyboard st pc tis douleias mou,greeklish
e wraia,greeklish
hahaha oti kai dei den enoiazei,greeklish
dn tha allaksei tipota,greeklish
internet den einai neuland gia tous ellinares,greeklish
erxomaste kai spiti sou ola legit,greeklish
hihi,greeklish
kai gw,greeklish
greeklish einai anwtero lol,greeklish
ti exoun ta greeklish,greeklish
denn exei suspense,greeklish
vlepeis kai ereis ti sou erxete,greeklish
mia xara euanagnwsta einai ta greeklish,greeklish
open freezer get warmer bruh,greeklish
vasika kai greeklish pou grafw einai epidi cba na perasw ellhnikh sto pc,greeklish
monaksia niwthei kapoios akoma kai einai poio dimofilis anthrwpos ston kosmo,greeklish
thema einai na exeis anthrwpo na se katalavainei se vathos,greeklish
sigoura oso megalwneis einai wraio na moirazese tin zwi sou kapoion pou se ktlv apo tin alli uparxoun anthrwpoi pou aisthanontai gematoi apo kenes peristasiakes sxeseis xwris ousiafilikes k mi,greeklish
na eisai teleiws monos dn kserw einai kalo akoma kai na exeis epileksei omos,greeklish
synitheia plus maresei na trigarw atoma gia ta greeklish,greeklish
fenete polu eukolo kai einai polu asteio poso eukola oi karens nevriazoun kapoion pou tha grapsei greeklish kai arxizoun ena paralirima tou styl pigaine sxoleio amorfwte ktlp tha xathei ellada logw esena ktlp,greeklish
alla einai oi idioi pou meta tha psifisoun mitsotaki kai tha petaksoun tsigaro tous katw tin paralia p,greeklish
pata sto parakatw link gia na paralavis dema sou brokoloko,greeklish
tulahiston itan professional ke egrapse greeklish ta ellinika grammata ine gia tis mazes,greeklish
e bro na sou pw den mporoume na soy dosoume dema sou pata ligo link aight ta leme,greeklish
ade mlk elw kai egw na parw paketo mou kamia wra ton vlk ths elta courier,greeklish
xamhlwse ta standard sou gia poious perimeneis na vreis edw mesa stay classy kai calm stick rall mhn afhseis na sou roufhei th zwh,greeklish
epitides kano na se neuriaso krima gt ebala kai greeklish kai syntomografies thkiaole,greeklish
na pas na mamitheis kai su kai oi mamies sou,greeklish
nomizw pos thn exoun dei harry potter les kai prepei na lene sugkekrimena logia gia na piasoun oi teletes,greeklish
gia pe esy pou pairneis apo grammata ti lene oi papades,greeklish
sorry file katse na grapso tropo na katalabis kai esi,greeklish
h apantisi sthn eretisi sou einai sto proto sxolio capito mpoufe,greeklish
ke gia na tiriso ti internetiakies teletourgies,greeklish
wooosh edit,greeklish
sosta ekana,greeklish
ime kenourgies se afto,greeklish
ne ke,greeklish
ine plousios pou kolai afto,greeklish
ke ego ftoxos,greeklish
idio ke esi na fantasto,greeklish
ektos mou grafi apo idiotiko sou jet,greeklish
ksero kapii ine plosii kapii oxi,greeklish
ke rex ine batsoskilo,greeklish
tha poume ke ala sxeta trivia,greeklish
ke ego,greeklish
eksigise mou sxolia sou prgatika,greeklish
ine kapio pexnidi pou grafoume lista plousious,greeklish
eprepe na apantiso ke bezos ine plousious,greeklish
opos sou ipa endiaforome na gia tin panoukla ke oxi gia prismena arxidia,greeklish
pote akrivos katigorisa atoma,greeklish
esi ipes gia ton malaka tis tesla,greeklish
exis peresthisis,greeklish
fantazese pragmata,greeklish
ti vlepis giro sou,greeklish
akousi ton zuckerberg na sou psithirizi sto afti,greeklish
apo tin platia exarxiwn exis stasi ilektrikou sta lepta stin omonia stasi metro sta lepta sto panepistimio,greeklish
oso perisoteres stasis vevea toso kalitero ala stin prokimeni skopimotita mia stasis metro stin platia exei na kanei tin alagi tis koultouras ton exarxhion se kati alo apo aftou pou einai twra,greeklish
oses stasis kai na ftiaxoun orario ine afto pou einai kai twra pali amaxi tha vgenei kosmos,greeklish
klama,greeklish
ti thewreis anavathmish akrivws,greeklish
akrivotera noikia mikel kai coffee island se kathe gwnia,greeklish
edit de kanw edit sinithws alla osoi kanete downvote peite mou kai mena na mathw ti akrivws anavathmish paizei trigyrw,greeklish
hahahahaha wtf ti sugkrish einai ayth,greeklish
grigoris sthn plateia exei nai hdh provlhmatiko akriva noikia pantou ayto de shmainei oti de tha akrivinoun akoma pio poly metro pezodromio parkour den eisai xazos katalavaineis oti anetos den ennow oti exei wraious dromous kai den vrwmizoun ta papoutsia mou diafylaksh xarakthraattraction oxi ta eksarxeia exoun istoria den milame gia xrono pou tha paei hasan epeidh omg eksarxeia eimai toso cool,greeklish
exw taraxtei ligo apo ta downvotes kai de mporw na skeftw kathara egw eipa ti anavathmish pistevw oti fernei ekshghse mou kai mena pws katalavaineis thn anavathmish twn eksarxeiwn metro,greeklish
ayto de shmainei oti de tha akrivinoun akoma pio poly metro dld metro stin tositsa den tha anevoun kai metro stin plateia tha anevoun,greeklish
h apla einai kila epeidh kathetai olh mera edw na uperaspizetai tous mpatsous sta antistoixa post kai duskoleyetai,greeklish
giati thes metro sta eksarxeia esy,greeklish
kai apla plhroforiaka pote pathses teleytaia fora eksarxeia sth zwh sou,greeklish
kyriolektika kaneis reprogrammatismo ton eauto sou einai toulaxiston aksiothrinito,greeklish
oxi gata einai tha zhsei kai meres exoyn nero,greeklish
sygkrineis ta greeklish pou einai kyriolektika mia se polla eisagwgika dialektos gia euxristia kai na kaneis thn zwh sou pio eukolh sto internet mias kai ta perissotera einai sta agglika thn kathareuousa pou stamatise na omilite polla xronia prin,greeklish
kai information grafw greeklish mono kai mono gia na sthn spasw kai apo oti fenete epiase mias kai thewreite tous eautous sas anoterous kanontas question exw teleiwsei sxoleio,greeklish
eiste gia lipisi,greeklish
mama sou ine kompleksikia ke toxiki,greeklish
mine makria,greeklish
genika stin athina kosmos sto metro kitai,greeklish
emfanisi den pezi rolo,greeklish
opos periegrapse ton eafto sou den ixe kati na traviksis ti prosoxi,greeklish
os athines ipotheto oti ine pio pithano na kitagan ti mitera sou perierga ke kolaga se esena antalaklastika gia na min pareksigithoune afou de ixes kati periergo gia athina,greeklish
atoma apo eparxia tetion apopseon ksexorizoun san ti miga sto gala edo esto ke den antilamvanonte,greeklish
ad hominem,greeklish
mou aresi otan ta ougana dixoun ti klasi tous,greeklish
ke kapakia ableist prosvoli,greeklish
pio nothis pou ise idos ipo eksafanisi,greeklish
ponai e,greeklish
pistevis oti aksizi ton kopo mou gia sovari apantisi ise entelos delusional,greeklish
iperaspistes tetion simperifora den aksizoun tipota ektos ton hlevasmo mou,greeklish
auto poy kateytheian gyrizete sto fans pote dn ktlv kai egw dn eixa katholou lefta k voitheia alla dn arxisa na papoudes,greeklish
eidika eisai kopela einai oti pio eukolo na vreis serviotra eidika eksogiseis tin katatasi p vriskese kiolas kai poso anagkia exeis,greeklish
leoforos alaksandras konta sto metro ampelokipi,greeklish
kanoune sinelefsi arketa sixna,greeklish
stekare sto kinimatorama leptomeries oute ksero oute tha mporousa na po apo edo profanos,greeklish
iparxoun ke diafores feminstikes omades pou mporis na apefthinthis gia voithia,greeklish
gia sinvoules stiriksi ke ikonomiki voithia isos mexri ke gia stegasi,greeklish
den exis akrea omofovikes ksenofovies ktl apopsis den tha exis kane thema,greeklish
ke akoma ke etsi na ine teties omades tha stiriksoun oso mporoune,greeklish
pou einai auto,greeklish
gia tin idio logo pou otan zitas hotdog den sou fernoun loukaniko,greeklish
ke otan zitas burger den sou fernoun bifteki,greeklish
edit one tell,greeklish
use google,greeklish
edit giati deftero sta aglika,greeklish
giati ipia ligo parapano,greeklish
edit edo ke lepta pernao iparksiaki kris eprepe na valo proto deftero sto tritodeftero,greeklish
exei kantantisi,greeklish
apla ine mia sinxroni onomasia gia mia klasiki antropinikinoniki simperifora,greeklish
rota ke sokrati,greeklish
opidipote atoma aniki se perthoriopimeni marginalize omada,greeklish
otoma pou zoune kathimerina ala gia kaipio aneksigito logo den metrai tora otan strefete se epixirisis ke atoma isxi,greeklish
sta,greeklish
tis perisoteres fores ine marketing pou apla tous vgeni se kalo,greeklish
arnitiki diafimisi ine akoma diafimisi,greeklish
eixa kanei kai egw antistoixo post pleon pairnw mono apo ena sygkekrimeno poly spania ennoeite zori mia fora mina mporei kai ligotero epeidi einai wraio kai magazi exei kratisei anti gia ola stin perioxi p exoun paei,greeklish
afou pliorismos einai toso pane,greeklish
giati den eloun na xasoun cent,greeklish
kai afou ta dinei kosmos giati oxi,greeklish
kai oxi den einai,greeklish
ntaxei kanenas den eipe oti einai epistomonas,greeklish
balakia varaei mia raketa,greeklish
apopsi tou oso egiri oso tis kuras marias tou peripterou,greeklish
poly logiko ek merous,greeklish
allwste idios isws na exei nosisei apotelesma na exei eidi antiswmata ara tha itan mataio na kanei emvolio,greeklish
episis exaitias tis ilikias kai tis fisikis ikanotitas einai statistika sigoura oti akoma kai kollisei dn prokeite na diaswlinwthei oute profanws na pethanei,greeklish
episis lifestyle mporei na elaxistopoiei tin pithanotita na kollisei,greeklish
dld sunanastrefetai atoma kathe mina tote malon dn tha kolisei,greeklish
genika psekasmenoi pistevw oti einai osoi katapinoun akrita oti malakia akousoun apo dimosiografous kai apo tilegiatrous kai oxi tsitsipas p apo oti fainetai exei stoixeiwdi kritiki ikanotita,greeklish
thelo kapios na mou eksigisi epixirimata giati ego tsitsipas pou imaste xriazete na kanoume emvolio,greeklish
koronoios den apilouse pote aftes tis ilikies,greeklish
nosisa perasa xalara opos kai oloi oi gnostoi mou tis idias ilikias,greeklish
afou loipon oi gonis mou exoun emvoliastoi oi ilikiomenoi kai efpathis omades exoun episis giati prepi ego pou etsi kialios den kindinevo oute apilo tous gonis mou kai tis efpathis omades klp,greeklish
pou exoun emvoliasti na kano emvolio,greeklish
apadisis tipou psek kai tetia den mou lene tipota opios exis kapio epixirima logiko mou grapsi,greeklish
edo mesa einai papagalakia ton kanalion tsirakia tou sipsa kai tou xardalia,greeklish
den boroun na xonepsoun oti oi neoi den emvoliazode giati apla den iparxi logos,greeklish
na emvoliasti aftos pou kindinevi,greeklish
den kindinevo ara den emvoliazome toso aplo,greeklish
kai siga min katso na psakso kai ta comments sou kaimene mia protasi apadouses ama thes ton logo pou xriazete na kano emvolio apli erotisi itan,greeklish
apofasises na prosvalis omos gt ta kanalia sou exoun mathi oti opios exi kritiki skepsi gia emvolio einai psek,greeklish
xaxaxaxaxaxaxa brooli exeis provlima katanoisis ektos apo tin elleipsi statistikwn gnwsewn,greeklish
isxuristika egw se kapoio simeio sto comment oti kathe enas anemvoliastos einai apithano na pathei paramikroo,greeklish
oxi,greeklish
antitheta isxiristika oti tsitsipas p einai kai athlitis dn prokeitai na pathei paramikro otan nosisei apo covid,greeklish
ama diladi ekanan osoi kindinevoun ego den tha xriazotan na kano,greeklish
den katalaveno giati tin les se mena kai ton tsitsi kai oxi se olous aftous pou kindinevoun kai den emvoliazode efpathis omades ilikiomeous klp,greeklish
ama kanoun afti ego den xriazete na kano,greeklish
etsi kialios koronoios irthe gia na mini idi kolane oi emvoliasmenoi kai metadidoun,greeklish
ios metalasete analoga se emvoliasmenous kai min,greeklish
ama loipon emvoliastoune oloi osoi kindinevoun kai oloi pano apo mia ilikia covid apo foniki arostia tha metatrapi se mia arostia paromias tis gripis,greeklish
antikatestise ta statistika p parethese ta statistika pou aforoun pososto diasolinwsis kai ti thnisimotita stous neous anthrwpous edit fuck bro eimai kathisterimenos dn mporw na ksexwrisw ta sumvola lol,greeklish
den iparxi kati na pis se enan igiestato xrono pou den theli na emvoliasti,greeklish
epixirima na kanis gia tous alous den piani giati oloi skeftomaste afou den kani aftos pou xriazete den tha kano ego giafton,greeklish
pws auto einai xeirotero,greeklish
xeirotero apo ti,greeklish
den litpurgoun etsi oi gloses,greeklish
prota kati ginete genika apodexti ke meta thespizete eliniki glosa exi keno se afto simio afou denexi oudetero genos gia teties xrisis,greeklish
xriazete oxi na exi ine ali sizitisi,greeklish
ali mia fora dixnis ti agnia sou,greeklish
den ine oudetero afti tin enia,greeklish
ine gender neutral,greeklish
enia pou den iparxi ka sta elinika diladi kane sigekrimena apo ta geni pou exoume stin alada,greeklish
pion ethikses,greeklish
den thigi vlakia sou min anisixis,greeklish
oti egrapses ine lathos,greeklish
den iparxoun vilologika fila exis katanoisi pera apo tin aploustefsi pou mathenis sto dimotiko,greeklish
glosa exi oti emis theloume na exi,greeklish
emis ti ftiaksame,greeklish
exi arnitiko varos xrisimopioutan arnitika xronia tora,greeklish
ala ine asxete epidi den anaferete se afta den kanis adapt sti glosa glosa kani adapt sti kinonia,greeklish
panta etsi ginotan,greeklish
mi iparxto provlima,greeklish
iparxi provlima,greeklish
paradexese ke idios,greeklish
sti simasia tou diafonis,greeklish
mathe prota pia ine diafonia sou ena thema ke meta milas,greeklish
epis exis proseksi den exo pari apopsi sto thema ke oute tha kano,greeklish
opote min mou ta prizis ine sosto oxi xrisi tou sta aplos sou leo oti afta pou grafis ine lathos thes na sizitisi sovara gia thema exe ti vasi gia ti isxi sosti prota,greeklish
imaste zori sti mesi,greeklish
pisteve oti malakia thes den mou pefti logos,greeklish
den simeni kati,greeklish
oute ego mporo,greeklish
mpori ne ixe disleksiadisarithmisia,greeklish
des exi na kani kseris ine adinaton gia ton egefala na kanis ti sindesis xoris na skeftis energa,greeklish
pou akironi oli ti diadikasi tou skopou na dis tin ora,greeklish
den exi na kani poso kalos ise sta mathimatika ala tin epeksergasia arithmo,greeklish
den exo provlima sto diavasma se latinika ite se elinika ite ke tixeous xaraktires na vazis ama miazoun tous elinikous diavaso vasika diavaso arketa pio grigora apo meso oro sto grapsimo exo thema opio fenete kiolas,greeklish
mou ine pio diskolo na grafo elinika logo orthografias,greeklish
tin ora provlima ine oti prepi na skefto gia aples praksis akoma ke monopsifious arithmous,greeklish
opote ama mou diksi ti ora se analogiki tha kitao gia kapia ora pri katalavo ora ine gia na kano tous ipologismous,greeklish
douleva se beach bar pou gia mhna dn eixame ontws katalogous giati dn tous eixane ferei akoma kai apla rwtagan times kserwgw poso duskolo einai na rwthseis ton servitoro poso exei kathe pragma,greeklish
loipon epeidh oute hsastan sto epal stavroupolhs oute exete dei tipota pera apo news sto kinhto sas exoume kai leme sta epal stavroupolhs aftoi pou epitethikan prwtoi htan mesa apo sxoleio kai htan en merh organwmenoi apo thn eneth kai hkseran oti tha ginei diadhlwsh h oti egine kai oi misoi apo aftous tou sxoleiou den htan kan tou sxoleiou htan ekei gia mpaxalo apla,greeklish
oi apeksw den trampoukisan kanenan tsirizan fwnazan oti skata kanane kai apla oi alloi tous trexane sygkekrimenos typos twra einai swsto na krataei ropalo h oxi kathenas exei diaforeitkh apopsh alla en gnwsh mou den travmatise h xtyphse kanenan p,greeklish
egw proswpika oute tous men oute tous de eimai p,greeklish
anti na akoute oti malakia vgainei h aristera h h deksia h opoios skata leei den hsastan ekei mhn pistevete tipota gia kanena symvan egw apo ekeines tis geitonies kai sxoleio eimai opote arakste ligo ta peri propagandas,greeklish
edit mh mou peite gia sources ta mona sources pou tha prepei na pistevoume pleon einai opoios einai neutral kai parwn,greeklish
se kathe post pou anaferetai paidi sto post sxoliazoyn gia ta tote sthn stavroupolh opws kai se afto diavaseis sxolia ki epeidh kourase eipa na pw dyo pragmata,greeklish
vale akoustika akou ligi mousiki kai perpata kalo stio sigekrimeno activity einai oti kaneis mia alpha gimnastiki mialo stamata na skeutete kai paei auto pilot meta apo ligo tha sinistousa ama eisai se poli na pigeneis akrivos apo tin antitheti pleura pou pas otan xipnas gia doulia sxolio na mpeneis se sokakia kai gitonies pou den exeis paei learn apriciate new helps time management like mins songs times away sleep,greeklish
den kserw einai kai poly bullshit auta ta pragmata,greeklish
makari h zwh mou kapoia mera na einai toso teleia wste mono pou na xalaei na einai giati random atoma sto internet den milane ellinika,greeklish
erw gw,greeklish
eleueria ekfrashs,greeklish
monternismos,greeklish
isos kati p fenete poio international einai poio eltiko se sigkrish ton pono p prosferei h xora mas adiakopa tosa xronia stous neous,greeklish
idea den exw,greeklish
den erw kan ti glwssa grafw,greeklish
kai tora galikoures,greeklish
ti parakmi,greeklish
ti parakmi,greeklish
unpopular opinion ta greeklish einai ok otan grafeis swsth orthografia,greeklish
kai nai,greeklish
yparxei vasiki orthografia sta greeklish,greeklish
anagyrisoun ta greeklish prepei na einai upoxrewtiko na xrhsimopoieitai anti gia ksi kai gia thita,greeklish
true,greeklish
apla h diafora sto amaksi fainetai upervoliki mexri kai max trwei tetoio gap,greeklish
pantws pws phge max apo na spaei rekor se seri nikes sto na min mporei na stavrwsei niki se ena xrono einai akraio,greeklish
evgala prosfata telios gboard arketa stixia dino idi sti google gia antistixo open source pliktrologio ke den exo kitaksi akoma kati antistixo gia outocorrect,greeklish
exeis dikaio yparxoun megalh dromoi se alles europaikes xwres alla genika einai enas dromos tis lorides megalhtero meros tis polhs exei mikroterous dromous sthn ellada mporei na mhn exoume lorides alla sigoura exoume perisoterous dromous lorides ton opoion ton enan enai gia parking panta,greeklish
exeis megalo dikaio edw kai den einai les kai ta toubla mas einai xena pola romaika eripia opos sthn nikopolh einai ftiagmena apo toubla gia kapoio logo emeis dialexame na fthsoume oti omorfia eixe mia polh san thn athina stis dekaeties tou ta neoklassika ths kai ta antikatasthsame ghmno tsimento einai na trabaw ta mallia mou,greeklish
kala mhn mou ta thimhzeis kai auta menw ligo sto exoteriko kai gyrnaw kai den xeblepete h asxhmia aporw pragmatika giath xanarxontai oi touristes merikes fores,greeklish
exw ypsila standards gia thn ellada mou,greeklish
sthn ellada home ownership rate einai sta pano kato httpstradingeconomics,greeklish
comgreecehomeownershipratehttpstradingeconomics,greeklish
comgreecehomeownershiprate sigoura den tha se peiraze na klhronomhseis ena spith pou kostizei anti gia alla exeis dikaio einai ena apo ta kala kai malon auto pososto exoume epeidh oi times einai ftines kai ta spitia moiazoun skata den polhskeftika auto metopo,greeklish
koita erxome egw apo mia optikh opou ta amaxia otan den odhgas ena sou kanoun thn zoh kolash,greeklish
otan emena athina kykloforousa podhlato panta den tha syzhthso tora gia thn katastash ton podhlatikon ypodomon sthn athina proteuousa epeidh den yparxoun,greeklish
alla fantasou tora egw na riskaro thn zoh mou epeidh xreiazomai na pao apo axarnon mexri papanikolh epeidh ta leoforia einai skata kai ta amaxia einai dolofonoi,greeklish
apo pano yparxei ena phenomeno pou legetai induced demand opou otan xthzeis poles lorides tha yparxoun perisotera amaxia ston dromo,greeklish
gia mena h dio lorides ths alles gia parking proton den einai physiologiko einai polh,greeklish
deuteron tha hthela toulaxiston thn mia lorida na einai monaxa gia ta leoforiapodhlata kai thn allhn gia ta amaxia auto gia mena tha htan mia arxh kai fisika ta amaxia siga siga na ta parkaroun exw apo thn polh kai na yparxoun merika shmeia opou mono oi katikoi na mporoun na parkaroun,greeklish
ta aytokinita einai oti xeirotero gia mia poli,greeklish
rfuckcars unite,greeklish
den symfonw otan h benzinh kostizei euro kai anw litro den sou eukolinh katholou thn zoh na exartase apo amaxi,greeklish
xoris na anaferoume kostos asfaleias tou kteo ton telo kykloforias ktlp,greeklish
mia sosth xwra einai ftiagmenh oste na mhn xreiazese ena amaxi kai oti ypodomh einai gia amaxia na einai analafrimenh gia autous pou ontos xreiazontai,greeklish
h podhlates sigoura mporei na einai epikindinoi alla den shgnkrinontai amaxi amaxi exei maza tonous kai ftanei se mia elinikh polh taxithtes xmora pano kato,greeklish
ena podhlato se kamia periptosh mporei na paradidei osin energeia oso ena amaxi,greeklish
epishs ellinas odhgos standard den tha stamathsh se diabash pezou h dinei protereotita opos upagoreuh kok,greeklish
ti sou eftaixe podhlaths spanios opos einai sthn ellada den mporo na katalabw,greeklish
kai nai oi perisoteres lorides ontos fernoun ta perisotera amaxia,greeklish
theleis na mikrhneis thn khnhsh dine alternativa ths prokophs oxi perisoteres lorides,greeklish
sou fenetai periergo auto pou sou lew gia induced demand sou protinw na arxiseis auto aplo arthro wikipedia httpsen,greeklish
wikipedia,greeklish
orgwikibraesssparadoxhttpsen,greeklish
wikipedia,greeklish
orgwikibraesssparadox xiliades autokinita opos kai na exei einai axanes sthn teleia katastash oi anthropoi ta xefortonontai epidh den xreiazontai pia amaxia,greeklish
outos allos oles tis prasines arxes ta perisotera ellinika amaxia tha exoun olo kai megaliteres diskolies ton nomo,greeklish
klassika grafw greeklish opote den exei aksia logos mou downvotes kai metafrasoula sake irony,greeklish
poia eimai egw na dwsw orismo sthn texnh,greeklish
emena mou aresei kai auto arkei,greeklish
kante downvotes kai arxiste na klaigeste gia ta lefta sas emena alloi mou ta trwne kai oxi oi graffitades pantws,greeklish
dhladh twra oloi edw mesa mporeite na uperaspisteite thn antikeimenikothta ths texnhs na thn orisete kai h aisthitikh h dikh mou gia kapoio logo den einai dekth kai thn afhnoume na kruftei mesa sta threads gt den sumvadizei ta dika sas kalaisthita protupa,greeklish
vandalismo onomazane kai erga muralismou sto mexico ta opoia shmera exun apisteuta megalh pneumatikh aksia,greeklish
antistoixa erga graffitadwn pou katalamvanoun thn texnh tous dhmosious kai idiokthtous xwrous pleon h elit apofasise na ta valei se mouseia kai na ta kostologhsei,greeklish
h idia elit pou onomazei graffiti vandalismo auth kerdizei lefta kai kallitexnhs kunhgiete apo thn astunomia,greeklish
graffiti hrthe edw gia na meinei kai texnika paroume upopshn pws einai toixografia einai texnh h opoia uparxei apo thn palaiolithiki epoxh,greeklish
sunexise shmantika eurhmata se arxaious ellhnikous kai aiguptious politismous sth mesaiwnikh kai vuzantinh epoxh,greeklish
kapoia apo auta htan meros ths idias authaireths logikhs pou krinete vandalismos idiokthsias,greeklish
sth sunthrhsh ergwn texnhs einai ena terasteio kefalaio mathimatwn kai ergasthriwn pou afora thn sunthrhsh kai thn pneumatiki aksia twn graffiti xwris na dinete idiaiterh shmasia sta protupa aisthitikhs pou vlepw edw mesa gt u guessed einai upokeimenika,greeklish
idea existed,greeklish
gia thn ellada gamo thn hooker mou mesa palio fucking tsoglania,greeklish
kai ta maxairia kai ta katsavidia kai oi gates tha eprepe na einai regulated tote,greeklish
great legal mind,greeklish
na synithiseis gt eime laptop eksoterikou kai varieme na kanw setarisma gia tin glwsa,greeklish
k episis dn saresei kai dn exeis na peis tpt sxetika thema tote na min asxolise file xd,greeklish
kala montelo dn einai na epwfelitheis apo enan mina alla apo synexeis agores enan xrono,greeklish
dld kaneis panw katw megales kyriws paragelies symferei,greeklish
alla giauto p lew egw sigoura dn symferei pleon,greeklish
olo upotheseis mou eisai agapiti mou karen,greeklish
dn exw faei prin ban gia na faw k dw episis dn eimai oute mikros oute filos sou opote se oti kai na les apla pefteis eksw,greeklish
tha peis logiko ti allo na perimeneis apo tis karen tou reddit pou mpainw se post gia na sxoliasoun ta greeklish xwris na prosthetoun tpt allo aksiologo sto post,greeklish
bro paketaki einai etoimo alla prp na rtheis na pareis,greeklish
fere kai kana rikokses foroi klp,greeklish
ioannis den uparxei tropos na poun lathos einai vaftistiko sou kai kratas kai ta n apo ta ellhnika,greeklish
se ksena episima eggrafa ioannis prepei na graftei,greeklish
alliws john pou einai legit sta agglika,greeklish
ego jiannis,greeklish
giati ine toulaxiston itan pio spanio ke malon pio lathos apo ta tria,greeklish
ke etsi apefevga mperdemata alous episis einai efkolo gia tous ksenous den seniazi na proferoun sosta,greeklish
mou exi tixi paketo na ftani thessaloniki na proothoune athina apo athina na aneveni ksana thessaloniki kai meta se emena stin xalkidiki,greeklish
afou ixe kani ton giro italia germania roumania boulgaria,greeklish
ta greeklish einai pio simantiko kommati tis monternas ellinikis koultouras,greeklish
mbro den exis karta pleom,greeklish
ime apo tin trapeza prepi na valis ola su ta lefta edo wwww,greeklish
peos,greeklish
gr gia na min xaun,greeklish
nomizw prepei na pathseis link kai oti stoixeia sou zhthsoun na ta grapseis alliws rip karta,greeklish
eixe allaksei universally tha imoun,greeklish
opote eite apple kanei ta dika tis ta gnwsta eite apla den eide kaneis k kaneis den asxoleitai arketa gia na dei logw autocorrect klp klp,greeklish
true alla itan dwro kai alitheia einai ikanopoiitika pio grigorok smooth apo alla kinita idias aksias pleon den exw ta teleutaia montela,greeklish
ponaei einai mou twra,greeklish
ahhahaha exei pio megalo thema kinito sou den vazei kan tonous grigora steilto pisw episkeui,greeklish
kouventa na ginetai apla ithela na grapsw ena megalo keimeno sta ellinika k efuge panagia stin ptwti protasi opote egrapsa sta greeklish k metetrepsa,greeklish
karkinaki,greeklish
mpirimpip mpirimpop afou sou exw k example gamw mou,greeklish
poios allos ta kanei auta,greeklish
den exei simasia poios einai prwtos simasia exei poios nikise k epevale na vazw ton tono prin fwnien,greeklish
thumamai tote traviksa toso zori twra afou oloi oi kataskeuastes k users kathomaste parea gurw apo ti zesti fwtia p mas megalwse microsoft gt na paw lamia mesw italias,greeklish
den exei kan tonous,greeklish
ennoeitai prwto p skeftika itan auto,greeklish
ola einai apla otan eisai katanalwtis pou stoxeuse apple kai profanws ola mesa sto oikosustima tis,greeklish
eisai ligo periergos ligo xtupimenos theleis kati p den skeftike prin apo sena apple ti gamises,greeklish
arxizw na thelw na poulisw twra enw edw k ena xrono apla den asxoloumoun,greeklish
ekane ti douleia tou ekana ti douleia oloi xaroumenoi,greeklish
ummm,greeklish
den einai efikto pleon,greeklish
httpspreview,greeklish
redd,greeklish
itaiedpmcpfa,greeklish
jpeg,greeklish
widthformatpjpgautowebpsbebbdbecfdbaaabacad,greeklish
otan imoun mikros epesa sti xutra ti malakunsi kata kurio logo,greeklish
ola ta autocorrect features einai disabled apoti fainetai tha energopoiisw,greeklish
mexri na mazepsw merika ekatomuria k na tous kanw munisi,greeklish
nai alla prepei na foras ta mplouzakia p tha lew egw tha xezeis stin stasi pou tha sou upodeiknuw kathe fora analoga tis kavles mou kai otan grafeis ellinika tonous tha prepei na pogaineis ston eiriniko na tous psareueis monos sou,greeklish
monos sou,greeklish
called,greeklish
exeis dikio alla prepei na thimasai oti ellines pou figane idi itan distixismenoi tin ellada kai thelane na vglaloun ta lefta tous,greeklish
oi perissoteroi itan epituxis ara theloun na prostatevoun ti lefta exoun vgalei,greeklish
auto epiriazei kai tin apopsi tous se koinonika themata signomi gia ta xalia mou ellinika,greeklish
pws proteina thn diorwsh dn hksera gia ti pragma milaei bro,greeklish
ego pisteuo oti na kaneis paidia einai pio ipeuini kinisi sti zoi enos anropou,greeklish
ennoeite pos gia na kaneis mia tetoia kinisi iparxoun arketes proipoeseis px oikonomiki katastasi ktl,greeklish
osoi kanoun paidia kata laos gia na sosoun gamous epeidh bariountai einai aksioi tis moiras tous,greeklish
signomi se prosvala,greeklish
den itan afti prothesi mou,greeklish
ithela na toniso poso dinitika provlimatiki ine hrisi ton greeklish,greeklish
ap oso gnorizo prosvala ke prosevala ine apodekta,greeklish
pantos oli kanoume lathi,greeklish
kalo ine na ta angnorizoume,greeklish
gia sou,greeklish
efxaristo pou epiveveonis epixirima mou,greeklish
xestika gia feneste ine niazi,greeklish
edit les ironika tha sou ekana ke vote,greeklish
ala vaze alio sori den exo meta apo mpires edit mono,greeklish
gernao mama,greeklish
den katalavainw ti ennoeis file akougesai ethnoprodotis,greeklish
den einai sevasti h kathe aposi giati h antiemvoliastikh apopsi skotonei kosmo,greeklish
auto pou milate misa ellinika misa agglika h petate ksenes leksis ti fash,greeklish
like otan ta grafete den cringarete h mhpws milate k etsi apo konta,greeklish
mean gtfo pussio,greeklish
pezei na exei na kanei ths trapezes poli perisotero apo oti pistevei kosmos,greeklish
parakalaw tous dikous mou na kanoun esto account gia paypal kai mia zoh oxi mou hpan oti einai idio thn trapeziki karta kai den prosferi tipota parapano,greeklish
exw na fadasto enan logo pados einai oti boris panefkolla na xekinisis ena business mesa mme kai na dexesai mono sinalages paypal kai anfibalo pro hacker sto insta pou thelli gia na mou kani recover account na prironei fpa,greeklish
kati pou theoro oti prepei na kanei h paypal pados einai na dexesai na vaseis funds meso pay safe nomizo oti px se polonika kai kypro ginetai anigei ena terastio market pou einai anilika pou exoun ta xrimata kai theloun na ta xadepsoun px sto nintendo switch h psstore alla den exoun credit card sry gia ta greekglish kinito den exei elliniko alphabito,greeklish
arxika kai esu afragkos eisai ektos douleueis,greeklish
apo goneis ta pairneis kata deuteron den xrisimopoiw lefta gonewn mou pera apo ta aparraithtws basika na sai kala omws giati ekanes kai gelasa pou epibebaiwsa oti eipa parapanw,greeklish
egw komple blepw thn myth ths esu psaxneis thn teleia myth basismenh se koinwnika standard einai allo thema,greeklish
epishs ontws den jerw na grafw ellhnika pleon kathws gia peripoy xronia genika den grafw sta ellhnika logiko na mhn kserw na grafw mia glwssa poy einai legit koinwniko kataskevasma kai den uparxei sunepws den uparxei ontw orthografia alla auto einia allo thema opoio ekanes pali kai gelasa pousth mou pou ure load shit kai prepe na epishmaneis huh,greeklish
monos sou les pws kanoun gia na niwthoun elkystikoi termatismene,greeklish
pws blepei kapoios ton eayto tou exei amesh sxesh ti yparxei gurw tou se parakalw dhladh sobarepsou niwthw oti trollareis,greeklish
epishs se eixa mprosta mou tha sou ekana dwrean mia grigorh kosmetikh surgery tsak mpam tha eisai agnwristos,greeklish
den einai katholou dyskolo katseis na diavaseis,greeklish
den diavaseis den tha peraseis eite pas frontisthrio eite oxi,greeklish
frontisthrio den einai oute anagkaia oute ikanh synthikh gia na katorthwseis na ftaseis ta en logw moria,greeklish
prepei omws na kalypseis oso pio grhgora mporeis monos sou ta kena pou exeis sta mathimatika dioti kathigitis frontistiriou den tha katsei na kalypsei ta kena sou,greeklish
ksekina apo ta vasika ta katanohseis tha sou fainontai eksairetika eukola,greeklish
documento den kserw itan paliofyllada panta alla twra einai auto akrivws,greeklish
paliofyllada,greeklish
isxuei bro ena shmantiko kommati twn albanwn deuterhs genias thn kanei gia londino ellhnikes tautothtes,greeklish
einai sigoura h pleionothta twn ellhnwn katoikwn tou londinou,greeklish
tiganokefalos genniesai den ginesai pote aima sou tha xysoume gourouni bretane,greeklish
bro kranio exei ksekathara sxhma tiganiou toso pou ebazes sto mati tis kouzinas tha mporouses na ftiakseis omeleta kserw gw trigwniko proswpo einai alliws,greeklish
panw meros tou kraniou einai diogkwmeno kai kanei kranio na moiazei thgani profanws sagoni den mporei na ginei toso stroggylo oute se autous,greeklish
se ena trigwniko proswpo koutelo den einai toso megalo kai diogkwmeno,greeklish
xoxaoxaoxaoxa pw ti mou eipe gia koita mia ean erxomai comrade,greeklish
kai sena ti se koftei flwre grafw kefalaia k greeklish,greeklish
osa anaferw sto sxolio mou einai nomika apolytws egkyra,greeklish
mou einai eksairetikws dyskolo na deiksw logia poso sta arxidia mou einai ean diavases h oxi sxolio mou anthrwpako,greeklish
isws ksodeves ligotero xrono na prizeis poutses sto net na hkseres kai pws na grapseis swsta tin egkyrothta,greeklish
aurio dinw mathimata koinotikou k dioikhtikou dikaiou kai den exw skopo na katsw na tsakwthw enan mpaglamadako redditora,greeklish
tha sou apanthsw omws na min krineis eks idiwn ta allotria,greeklish
fainetai pws exeis faei gamisi stin zwh kai prepei na mazepses arketo hdh apo ta sxolika sou xronia omws h empeiria sou den apotelei shmeio anaforas gia ton meso anthrwpo,greeklish
mia xara eimai tin koinwnia kai einai timh mou na mou leei na ginw anthrwpos enas typos san esena,greeklish
peace,greeklish
kalitera kita gia kapio palio tei pou exei metatrapi se aei tora kai na pas se kapia sxoli mixanikon pliroforikis epagkelmatiki enasxolisi programatismo einai kapos geniko na sou po tin alithia thes na ginis front end back end developer,greeklish
thes na asxolithis efarmoges diadiktiou na kanis programata pou tha xrisimopioun eteriesatomikaotidipote,greeklish
den leo programatismo mathenis monos sou kai mesa stin sxoli praktika monos sou tha prepi n mathis kathigitis tha sou diksis pos ginete kati ala ton tropo grafis sou kai skepsis sou tha ton dimiourgisis kai anaptiksis monos sou,greeklish
episis sxoli den tha sou mathi mono programatismo tha sou mathi pragmata sxetika tin pliroforiki protokola asfalias pos litourgi ena http request ti einai https pou vlepis pano sto browser giati kodikos sou einai asfalis afton ton tropo kriptografias kai oxi ton alon,greeklish
ta iek prosopika ta snobaro epomenos min kitaksis se kati tetio gia pliroforiki tha sou mathoun kapia ili kai meta tha se perasoun etsi gia na min tous tros xoro stis ethouses apo istories filon pou akolouthisan iek ala itan se alon tomea apo tin pliroforiki kai ksana leo ginete kai monos ala den einai sosto se mia sxoli den pernis mono ptixio perni kai poli gnosi se diaforous tomis pou kathorizi meta pos thes na aksiopiisis ptixio sou,greeklish
den se anagkase kanis na diavasis paidi pou ekane tin erotisi mporei na diavasi ama theli kai na di tin apopsi mou pano sto thema,greeklish
liquid ohi mazi sou resi ya afton pou apandises itan,greeklish
isa isa mou arese tropos pos xsigithikes,greeklish
pou sai file mou leipses gnwmh gia oppi,greeklish
h agaph kai ektimhsh pou trefw gia sena einai arketh kai gia tous mas,greeklish
hahahahahha thanks gia ayto den eixa idea oti yphrxe,greeklish
giati ti mporei na kanei wearable pou de kanei idi kinito sou pou aksizei ta tou iwatch eidika,greeklish
nai pes oti den exeis epixeirima kai ase tis poutsodikaiologies,greeklish
nai alla ama peis ayto sto reddit erei kyma legontas poly eksypna kai eystoxa pragmata opws golden mean fallacy muh horse shoe theory,greeklish
giati sto reddit otan sou dinoun dyo perioristikes epiloges prepei na dialekseis,greeklish
thn panagia den katalava ta trita aftou tou post,greeklish
pliz mathe anaptuksh paragrafwn,greeklish
oso ehei na kanei thn katastash polles toksikes sxeseis paizoun oso anafora tous filous sou,greeklish
afto simenei oti den tha kratisoun poly opote min anisixeis suntoma tha ksanakanete parea,greeklish
perna kala thn kopela sou k xestous pros paron,greeklish
genika min anxonese,greeklish
geia sas,greeklish
gia na taxidepsw apo kypro kriti mesa sta mesa tou fevrari ti xriazome,greeklish
pcr rapid k afta eimai anemvoliastos,greeklish
exei kanena pou den tou pitoun xidia kai thelei na apantisi,greeklish
tragelafiko tileoptiko show profani skopo ti pavlofiki epiktotisi twn mpatswn kai tis kivernisis apo tous suntiritikous p den exoun patisei pote sta exarcheia,greeklish
psaxnan drugs tha pigainan sto kolonaki alla ekei malon arazoun ta afentika tous,greeklish
kati pou den einai pseftokoumounia,greeklish
afto den ginete panta,greeklish
kai ego skefti na psifiso kati mikro kai asxeto pou den prokete na vgi,greeklish
auth h erwtisi ginetai toulaxiston mia fora mina,greeklish
tha proteina gia na katapolemiseis tin varemara sou prin asxolitheis tin istoria na afierwseis ligo xrono gia na apoktiseis tis katallhles texnologikes deksiotites wste na vriskeis auto pou theleis,greeklish
kai prin dw skeftika e kala ths cu einai hdh ligo poly skata,greeklish
omfg paiiiiiiin,greeklish
mina minis kipreous tha eise gg,greeklish
ps,greeklish
sorry greeklish den exw sto keyboard sitn doulia ellinika,greeklish
dikigoros check,greeklish
k enas malista pou ypothetika htan kapote stratologos idios,greeklish
vevaia autos mou eipe oti mporw aneta na kanw ti thiteia mou sto velgio pragma pou telika den htan akrivws swsto alla telos pantwn,greeklish
exw kapoia eggrafa ta opoia mporw na parousiasw pou epidiknioun thn fysikh mou parousia th stigmh pou ta ypegrapsa,greeklish
fantazomai oti ean mazepsw merika apo auta kai na exw toulaxiston ena gia kathe mhnes tha mporw na kalypsw authn thn trypa pou dhmiourgei olo provlima,greeklish
sto velgio gennithika alla pateras mou htan ellhnas kai eimai grammenos sta mitroa arrenwn ths perioxhs mou,greeklish
auto fainetai olh mou th zwh mou eksigousan oloi lathos,greeklish
makari na htan toso aplo,greeklish
distixos omws einai kati pou prepei na lysw gia prosopikous logous,greeklish
prostimo den mou irthe akrivos,greeklish
se ena tilefonima ellhniko prokseneio mou eipan pws ean den mporw na deiksw toulaxiston ena stoixio gia kathe mhnes tote tha mou vgaloun ena xarti anypotaksias kai tote tha plakosoun prostimo,greeklish
giauto kai den thelw na paw amesws ekei oti xartia exw dioti petyxw kapoion sthn sy pou ekeinh th mera exei ligo ponokefalo isws na apofasisei oti den tous edwsa arketa stoixia,greeklish
forolofikes dhlwseis kanw edw,greeklish
distixos den kserw ean tis dexonte san apodeiktika dioti opws mou eipe kai h tyromouna sto prokseneio den shmainoun kai polla auta ta eggrafa dhlwseis mporeite na kanete online enw vriskeste anypotaktos entos elladas,greeklish
giati file,greeklish
den iksera oti ipirxan atoma pou den kseran na diavazoun greeklish,greeklish
kai de milaw gia ta greeklish p kanoun gomenes tou fb tis fatses alla apla greeklish opos ta dika mou,greeklish
skase kanakh mia xara einai ta greeklish,greeklish
giati einai grigora apla kai mias kai ta agglika einai sunithws prokathorismeni glwssa sta perissotera pc de xreiazetai na allazeis glwssa kathe treis kai ligo,greeklish
episis ta grafeis mia sxetiki orthografia einai mia xara euanagnwsta,greeklish
ithela na sou grapsw olokliro keimeno profanws grafa sta ellinika gia na diavazetai pio efkola ala gia merikes protaseis gia mia suzitisi sto facebook enoeitai tha xrisimopoihsw greeklish,greeklish
emas ti mas elei kai mas trabaei se afthn thn upoesh,greeklish
people havent pooped yet still holding last years shit,English
finally itll years biggest shit far,English
ive pissing ass fuckin day,English
bold assume im going take shit year,English
guests literally cant relax,English
deleted,English
quality shitpost,English
im letting go right type,English
fuck wont poo tell,English
everyone thinking last time pooped,English
nicely played,English
want buddy,English
im constipated edit free bobby shmurda,English
waiting apple store open,English
lets see go longest without taking shit edit blew,English
deleted,English
therapist says hard time letting things go,English
wont come,English
need help,English
huh realized havent pooped today,English
edit obligatory thanks gold n sliver,English
upvoted comment poopin hashtag,English
blessed,English
actually sitting toilet midnight,English
new year shit,English
trust issues,English
ive poop twice since started take,English
shit cant hold back longer,English
literally read sat first poop,English
took imodium labeled purpose yesterday evening still working,English
alcohol makes constipated p,English
cocaine,English
enema yesterday didnt eat,English
first poop food,English
funny ask,English
dont poop work,English
much like dont give crap,English
woke caught stomach virus daughter son,English
ive lost like pounds last hours thanks pooping vomiting,English
wahoo back prepregnancy weight,English
wont let go,English
official right typed thisgrunt sigh happy new year,English
im ready release humongous crap yet,English
give us time,English
decided go hospital chest pains,English
hooked iv adavan torrsomething,English
maybe ill make alive,English
im bday days,English
weight,English
non smoker drugs alchohol,English
diet fish chicken veggies plus half gallon water day,English
high b pressure,English
diabietes high ldl,English
walked erbefore coming neededto buy groceries,English
bought apples blueberries rasberrys plus salmon steaks get home tonight,English
open reddit im taking st shit,English
nice,English
cause shit every days,English
morning poop afternoon poop,English
nice,English
quality shitpost,English
pooped immediately shower,English
real shitty way start new year,English
past haunts matter hard push,English
wow,English
time half way reading headline became disqualified answering question,English
unloaded last years shit,English
much turkey stuffing potatoes,English
stomach brick,English
everybody remember pee dont pee january,English
theres tp,English
damn post isnt even old enough show number upvotes front page platinum,English
homemade edible last night decides break free bathroom going smell like snoop doggs chill spot,English
days probably see doctor,English
donner kebab last night sunshine,English
fucking way could hold onto long,English
launched morning like chilean mudslide,English
ate ribeye last night,English
things processing slowly,English
surgery week ago stitches located right top buttcrack,English
first pooping something stitches could handle last days nightmare,English
every time bend wrong way including sitting toilet incision bleeds,English
seeing doctor tomorrow pooping,English
anyone mention poop knives yet,English
reddit huh,English
bet pretty expensive,English
free,English
make account,English
know post stuff,English
got ta cost something right,English
post want,English
whatever want,English
yeah,English
try post stupidass shit yeah whatever want,English
whatever want,English
cheese,English
top time,English
somewhere somebody made biggest poop year,English
dont even know,English
smallest shit,English
schrodingers shit,English
account years posts fairly disturbing,English
shitting eye needle,English
username checks,English
ugh,English
intoxicated version doesnt lactose intolerance unfortunately sober version deal former ate,English
bloody hell,English
got case beer shits eh,English
arsehole looks like chewed orange,English
liquor shits worst,English
bottling healthy,English
fun fact dont poop long enough literally back stomach throw shit become septic,English
knew woman methadone became constipated stopped pooping didnt anything started vomiting shit almost died,English
cant even imagine process clearing ft mostly hard dried shit intestines like survive,English
guys gearing dontpeejanuary,English
ahhh see im one poop anxiety,English
friends today football snuck away bowl game,English
go somewhere else,English
test true friend,English
could shit guest bathroom old time buddy hang,English
cant relax strangers around,English
pooping time relax,English
deleted,English
aw man terrible way spend nye,English
hope feel better soon bud,English
puking day saturdayi couldnt keep even water thought skin looked strange color thought go doctorwas extremely weak,English
antivomitnausea medicine iv felt better hours,English
kinda wonder actually gone toughened hours hoped get better,English
one take care im sick worried becoming sick edit,English
live socal seems going around usweird thing hardly go get contact people,English
like pinpoint exactly got,English
went fast food friday nightit favorite place maybe one employees got sick days earlier didnt wash enough,English
customer got sick sick germs place,English
know norovirus extremely contagious also wondering call tell got stomach flu place,English
never trust fart,English
exact thing happened,English
together,English
stay hydrated bud,English
nye mine started diarrhea vomit,English
much going party crush instead asleep pm,English
bug,English
hit wednesday night last week,English
fortunate vomit hate vomiting,English
shit stream hours last wednesday night day thursday slept hours didnt feel quite right day saturday sunday,English
early hours monday farted sleep felt shit liquid fart proceeded relapse diahrea another hours,English
fortunately caught small bit didnt make mess outside sleep shorts,English
felt terrible monday put brat bananas applesauce rice toast diet day yesterday today feel like new man,English
edit auto corrected word,English
shit happened cant hold onto anything eat comes back,English
man spreading around,English
got one christmas ended us throwing diarrhea days,English
time let gohttpsyoutubelmkqzbut edit reddit silver meme time alive,English
finding thats hard part letting go,English
dont know content really crap last year,English
good time take air,English
yo,English
happy cake poop day,English
rage latrine edit cant believe first gold shitty pun,English
thanks everyone happy new year,English
bowels parade,English
poop tell ya,English
ahh everyones favorite ratm song pooping name,English
mother fucker,English
release bowels hell open,English
fuck wont poo tou tell,English
billboard say,English
poo play poo play,English
forget movement,English
poo told ya,English
deleted,English
shitty thought,English
caffeine addiction dont need think far back,English
deleted,English
im reading poop,English
good hold things long,English
deleted,English
f,English
big bottle tobacco clear ya right,English
brownies roommate made really delicious edit yes know im changing though,English
couldnt give shit,English
im fucking sucks couldnt enjoy last night party,English
fiber coffee laxatives repeat,English
havent shit since friday,English
ive laxatives stool softeners glycerin suppository,English
still couldnt shit today little bit know thats much information last years information outdated anyway,English
try drinking coffee,English
works laxative population,English
funny saw spent minutes googling solutions opening reddit,English
im already chronically constipated real bad rn sucks cos im vacation hate feeling bloated,English
artificial intelligence ai refers capability computational systems perform tasks typically associated human intelligence learning reasoning problemsolving perception decisionmaking,English
field research computer science develops studies methods software enable machines perceive environment use learning intelligence take actions maximize chances achieving defined goals,English
machines may called ais,English
highprofile applications ai include advanced web search engines eg google search recommendation systems used youtube amazon netflix virtual assistants eg google assistant siri alexa autonomous vehicles eg waymo generative creative tools eg chatgpt ai art superhuman play analysis strategy games eg chess go,English
however many ai applications perceived ai lot cutting edge ai filtered general applications often without called ai something becomes useful enough common enough labeled ai anymore,English
various subfields ai research centered around particular goals use particular tools,English
traditional goals ai research include learning reasoning knowledge representation planning natural language processing perception support robotics,English
general intelligencethe ability complete task performed human least equal levelis among fields longterm goals,English
reach goals ai researchers adapted integrated wide range techniques including search mathematical optimization formal logic artificial neural networks methods based statistics operations research economics,English
b ai also draws upon psychology linguistics philosophy neuroscience fields,English
artificial intelligence founded academic discipline field went multiple cycles optimism throughout history followed periods disappointment loss funding known ai winters,English
funding interest vastly increased deep learning outperformed previous ai techniques,English
growth accelerated transformer architecture early many billions dollars invested ai field experienced rapid ongoing progress become known ai boom,English
emergence advanced generative ai midst ai boom ability create modify content exposed several unintended consequences harms present raised concerns risks ai longterm effects future prompting discussions regulatory policies ensure safety benefits technology,English
general problem simulating creating intelligence broken subproblems,English
consist particular traits capabilities researchers expect intelligent system display,English
traits described received attention cover scope ai research,English
early researchers developed algorithms imitated stepbystep reasoning humans use solve puzzles make logical deductions,English
late methods developed dealing uncertain incomplete information employing concepts probability economics,English
many algorithms insufficient solving large reasoning problems experience combinatorial explosion become exponentially slower problems grow,English
even humans rarely use stepbystep deduction early ai research could model,English
solve problems using fast intuitive judgments,English
accurate efficient reasoning unsolved problem,English
knowledge representation knowledge engineering allow ai programs answer questions intelligently make deductions realworld facts,English
formal knowledge representations used contentbased indexing retrieval scene interpretation clinical decision support knowledge discovery mining interesting actionable inferences large databases areas,English
knowledge base body knowledge represented form used program,English
ontology set objects relations concepts properties used particular domain knowledge,English
knowledge bases need represent things objects properties categories relations objects situations events states time causes effects knowledge knowledge know people know default reasoning things humans assume true told differently remain true even facts changing many aspects domains knowledge,English
among difficult problems knowledge representation breadth commonsense knowledge set atomic facts average person knows enormous subsymbolic form commonsense knowledge much people know represented facts statements could express verbally,English
also difficulty knowledge acquisition problem obtaining knowledge ai applications,English
c,English
agent anything perceives takes actions world,English
rational agent goals preferences takes actions make happen,English
automated planning agent specific goal,English
automated decisionmaking agent preferencesthere situations would prefer situations trying avoid,English
decisionmaking agent assigns number situation called utility measures much agent prefers,English
possible action calculate expected utility utility possible outcomes action weighted probability outcome occur,English
choose action maximum expected utility,English
classical planning agent knows exactly effect action,English
realworld problems however agent may certain situation unknown unobservable may know certain happen possible action deterministic,English
must choose action making probabilistic guess reassess situation see action worked,English
problems agents preferences may uncertain especially agents humans involved,English
learned eg inverse reinforcement learning agent seek information improve preferences,English
information value theory used weigh value exploratory experimental actions,English
space possible future actions situations typically intractably large agents must take actions evaluate situations uncertain outcome,English
markov decision process transition model describes probability particular action change state particular way reward function supplies utility state cost action,English
policy associates decision possible state,English
policy could calculated eg iteration heuristic learned,English
game theory describes rational behavior multiple interacting agents used ai programs make decisions involve agents,English
machine learning study programs improve performance given task automatically,English
part ai beginning,English
e,English
several kinds machine learning,English
unsupervised learning analyzes stream data finds patterns makes predictions without guidance,English
supervised learning requires labeling training data expected answers comes two main varieties classification program must learn predict category input belongs regression program must deduce numeric function based numeric input,English
reinforcement learning agent rewarded good responses punished bad ones,English
agent learns choose responses classified good,English
transfer learning knowledge gained one problem applied new problem,English
deep learning type machine learning runs inputs biologically inspired artificial neural networks types learning,English
computational learning theory assess learners computational complexity sample complexity much data required notions optimization,English
natural language processing nlp allows programs read write communicate human languages english,English
specific problems include speech recognition speech synthesis machine translation information extraction information retrieval question answering,English
early work based noam chomskys generative grammar semantic networks difficulty wordsense disambiguationf unless restricted small domains called microworlds due common sense knowledge problem,English
margaret masterman believed meaning grammar key understanding languages thesauri dictionaries basis computational language structure,English
modern deep learning techniques nlp include word embedding representing words typically vectors encoding meaning transformers deep learning architecture using attention mechanism others,English
generative pretrained transformer gpt language models began generate coherent text models able get humanlevel scores bar exam sat test gre test many realworld applications,English
machine perception ability use input sensors cameras microphones wireless signals active lidar sonar radar tactile sensors deduce aspects world,English
computer vision ability analyze visual input,English
field includes speech recognition image classification facial recognition object recognitionobject tracking robotic perception,English
affective computing field comprises systems recognize interpret process simulate human feeling emotion mood,English
example virtual assistants programmed speak conversationally even banter humorously makes appear sensitive emotional dynamics human interaction otherwise facilitate humancomputer interaction,English
however tends give nave users unrealistic conception intelligence existing computer agents,English
moderate successes related affective computing include textual sentiment analysis recently multimodal sentiment analysis wherein ai classifies effects displayed videotaped subject,English
machine artificial general intelligence able solve wide variety problems breadth versatility similar human intelligence,English
ai research uses wide variety techniques accomplish goals,English
b,English
ai solve many problems intelligently searching many possible solutions,English
two different kinds search used ai state space search local search,English
state space search searches tree possible states try find goal state,English
example planning algorithms search trees goals subgoals attempting find path target goal process called meansends analysis,English
simple exhaustive searches rarely sufficient realworld problems search space number places search quickly grows astronomical numbers,English
result search slow never completes,English
heuristics rules thumb help prioritize choices likely reach goal,English
adversarial search used gameplaying programs chess go,English
searches tree possible moves countermoves looking winning position,English
local search uses mathematical optimization find solution problem,English
begins form guess refines incrementally,English
gradient descent type local search optimizes set numerical parameters incrementally adjusting minimize loss function,English
variants gradient descent commonly used train neural networks backpropagation algorithm,English
another type local search evolutionary computation aims iteratively improve set candidate solutions mutating recombining selecting fittest survive generation,English
distributed search processes coordinate via swarm intelligence algorithms,English
two popular swarm algorithms used search particle swarm optimization inspired bird flocking ant colony optimization inspired ant trails,English
formal logic used reasoning knowledge representation,English
formal logic comes two main forms propositional logic operates statements true false uses logical connectives implies predicate logic also operates objects predicates relations uses quantifiers every x xs ys,English
deductive reasoning logic process proving new statement conclusion statements given assumed true premises,English
proofs structured proof trees nodes labelled sentences children nodes connected parent nodes inference rules,English
given problem set premises problemsolving reduces searching proof tree whose root node labelled solution problem whose leaf nodes labelled premises axioms,English
case horn clauses problemsolving search performed reasoning forwards premises backwards problem,English
general case clausal form firstorder logic resolution single axiomfree rule inference problem solved proving contradiction premises include negation problem solved,English
inference horn clause logic firstorder logic undecidable therefore intractable,English
however backward reasoning horn clauses underpins computation logic programming language prolog turing complete,English
moreover efficiency competitive computation symbolic programming languages,English
fuzzy logic assigns degree truth,English
therefore handle propositions vague partially true,English
nonmonotonic logics including logic programming negation failure designed handle default reasoning,English
specialized versions logic developed describe many complex domains,English
many problems ai including reasoning planning learning perception robotics require agent operate incomplete uncertain information,English
ai researchers devised number tools solve problems using methods probability theory economics,English
precise mathematical tools developed analyze agent make choices plan using decision theory decision analysis information value theory,English
tools include models markov decision processes dynamic decision networks game theory mechanism design,English
bayesian networks tool used reasoning using bayesian inference algorithmg learning using expectationmaximization algorithmh planning using decision networks perception using dynamic bayesian networks,English
probabilistic algorithms also used filtering prediction smoothing finding explanations streams data thus helping perception systems analyze processes occur time eg hidden markov models kalman filters,English
simplest ai applications divided two types classifiers eg shiny diamond one hand controllers eg diamond pick hand,English
classifiers functions use pattern matching determine closest match,English
finetuned based chosen examples using supervised learning,English
pattern also called observation labeled certain predefined class,English
observations combined class labels known data set,English
new observation received observation classified based previous experience,English
many kinds classifiers use,English
decision tree simplest widely used symbolic machine learning algorithm,English
knearest neighbor algorithm widely used analogical ai mids kernel methods support vector machine svm displaced knearest neighbor,English
naive bayes classifier reportedly widely used learner google due part scalability,English
neural networks also used classifiers,English
artificial neural network based collection nodes also known artificial neurons loosely model neurons biological brain,English
trained recognise patterns trained recognise patterns fresh data,English
input least one hidden layer nodes output,English
node applies function weight crosses specified threshold data transmitted next layer,English
network typically called deep neural network least hidden layers,English
learning algorithms neural networks use local search choose weights get right output input training,English
common training technique backpropagation algorithm,English
neural networks learn model complex relationships inputs outputs find patterns data,English
theory neural network learn function,English
feedforward neural networks signal passes one direction,English
recurrent neural networks feed output signal back input allows shortterm memories previous input events,English
long short term memory successful network architecture recurrent networks,English
perceptrons use single layer neurons deep learning uses multiple layers,English
convolutional neural networks strengthen connection neurons close otherthis especially important image processing local set neurons must identify edge network identify object,English
deep learning uses several layers neurons networks inputs outputs,English
multiple layers progressively extract higherlevel features raw input,English
example image processing lower layers may identify edges higher layers may identify concepts relevant human digits letters faces,English
deep learning profoundly improved performance programs many important subfields artificial intelligence including computer vision speech recognition natural language processing image classification others,English
reason deep learning performs well many applications known,English
sudden success deep learning occur new discovery theoretical breakthrough deep neural networks backpropagation described many people far back si two factors incredible increase computer power including hundredfold increase speed switching gpus availability vast amounts training data especially giant curated datasets used benchmark testing imagenet,English
j,English
generative pretrained transformers gpt large language models llms generate text based semantic relationships words sentences,English
textbased gpt models pretrained large corpus text internet,English
pretraining consists predicting next token token usually word subword punctuation,English
throughout pretraining gpt models accumulate knowledge world generate humanlike text repeatedly predicting next token,English
typically subsequent training phase makes model truthful useful harmless usually technique called reinforcement learning human feedback rlhf,English
current gpt models prone generating falsehoods called hallucinations although reduced rlhf quality data,English
used chatbots allow people ask question request task simple text,English
current models services include gemini formerly bard chatgpt grok claude copilot llama,English
multimodal gpt models process different types data modalities images videos sound text,English
late graphics processing units gpus increasingly designed aispecific enhancements used specialized tensorflow software replaced previously used central processing unit cpus dominant means largescale commercial academic machine learning models training,English
specialized programming languages prolog used early ai research generalpurpose programming languages like python become predominant,English
transistor density integrated circuits observed roughly double every monthsa trend known moores law named intel cofounder gordon moore first identified,English
improvements gpus even faster trend sometimes called huangs law named nvidia cofounder ceo jensen huang,English
ai machine learning technology used essential applications including search engines google search targeting online advertisements recommendation systems offered netflix youtube amazon driving internet traffic targeted advertising adsense facebook virtual assistants siri alexa autonomous vehicles including drones adas selfdriving cars automatic language translation microsoft translator google translate facial recognition apples face id microsofts deepface googles facenet image labeling used facebook apples iphoto tiktok,English
deployment ai may overseen chief automation officer cao,English
application ai medicine medical research potential increase patient care quality life,English
lens hippocratic oath medical professionals ethically compelled use ai applications accurately diagnose treat patients,English
medical research ai important tool processing integrating big data,English
particularly important organoid tissue engineering development use microscopy imaging key technique fabrication,English
suggested ai overcome discrepancies funding allocated different fields research,English
new ai tools deepen understanding biomedically relevant pathways,English
example alphafold demonstrated ability approximate hours rather months structure protein,English
reported aiguided drug discovery helped find class antibiotics capable killing two different types drugresistant bacteria,English
researchers used machine learning accelerate search parkinsons disease drug treatments,English
aim identify compounds block clumping aggregation alphasynuclein protein characterises parkinsons disease,English
able speed initial screening process tenfold reduce cost thousandfold,English
game playing programs used since demonstrate test ais advanced techniques,English
deep blue became first computer chessplaying system beat reigning world chess champion garry kasparov may,English
jeopardy,English
quiz show exhibition match ibms question answering system watson defeated two greatest jeopardy,English
champions brad rutter ken jennings significant margin,English
march alphago games go match go champion lee sedol becoming first computer goplaying system beat professional go player without handicaps,English
defeated ke jie best go player world,English
programs handle imperfectinformation games pokerplaying program pluribus,English
deepmind developed increasingly generalistic reinforcement learning models muzero could trained play chess go atari games,English
deepminds alphastar achieved grandmaster level starcraft ii particularly challenging realtime strategy game involves incomplete knowledge happens map,English
ai agent competed playstation gran turismo competition winning four worlds best gran turismo drivers using deep reinforcement learning,English
google deepmind introduced sima type ai capable autonomously playing nine previously unseen openworld video games observing screen output well executing short specific tasks response natural language instructions,English
large language models gpt gemini claude llama mistral increasingly used mathematics,English
probabilistic models versatile also produce wrong answers form hallucinations,English
sometimes need large database mathematical problems learn also methods supervised finetuning trained classifiers humanannotated data improve answers new problems learn corrections,English
february study showed performance language models reasoning capabilities solving math problems included training data low even problems minor deviations trained data,English
one technique improve performance involves training models produce correct reasoning steps rather correct result,English
alibaba group developed version qwen models called qwenmath achieved stateoftheart performance several mathematical benchmarks including accuracy math dataset competition mathematics problems,English
january microsoft proposed technique rstarmath leverages monte carlo tree search stepbystep reasoning enabling relatively small language model like qwenb solve aime math benchmark problems,English
alternatively dedicated models mathematical problem solving higher precision outcome including proof theorems developed alphatensor alphageometry alphaproof google deepmind llemma eleutherai julius,English
natural language used describe mathematical problems converters transform prompts formal language lean define mathematical tasks,English
models developed solve challenging problems reach good results benchmark tests others serve educational tools mathematics,English
topological deep learning integrates various topological approaches,English
finance one fastest growing sectors applied ai tools deployed retail online banking investment advice insurance automated robot advisers use years,English
according nicolas firzli director world pensions investments forum may early see emergence highly innovative aiinformed financial products services,English
argues deployment ai tools simply automatise things destroying tens thousands jobs banking financial planning pension advice process im sure unleash new wave eg sophisticated pension innovation,English
various countries deploying ai military applications,English
main applications enhance command control communications sensors integration interoperability,English
research targeting intelligence collection analysis logistics cyber operations information operations semiautonomous autonomous vehicles,English
