text,label
den eixa ellinika sto kinito mou gia xronia kai akoma kai twra pou exw stelnw minymata se greeklish apo syni8eia,greeklish
8ymamai na einai 2003 kai na vlepw greeklish na xrisimopoiountai akomi kai sta forums,greeklish
eixan ki afta tin plaka tous,greeklish
"episis, 8ym4741 k4n315 70 13375p34k",greeklish
:D,greeklish
ir8a gia na dw ta sxolia sta greeklish,greeklish
"gia na katastrepsw tin ellhnikh koultoura kai glwssa, na diaftheirw th neolaia kai na tous kanw olous na strepsoun tin plati tous makria apo tis patroparadotes paradoseis kai politismo

i epeidi me volevei kai epeidi variemai na allaksw se ellhnika

dialekse oti ap ta 2 thes",greeklish
Giati to turning point kata twn greeklish htan ena spot tou kanakh sthn thleorash,greeklish
Den mou aresei oute o kanakhs oute h thleorash,greeklish
Sinithos to Kano Gia nostalgikous logous me sigkekrimena atoma,greeklish
Einai ena prama opos otan milao pontiaka me kana pontio,greeklish
"egw prosopika eimai eksotraika kai to pc mou dn pernei elleniko keyboard so, episeis eimai apo pc tis douleias",greeklish
Giati oxi,greeklish
Epeidh kapote sou eipe o kanakis na mhn to kaneis,greeklish
Variemai na allaxw th glwssa apo agglika se ellhnika epeidh xrhsimopoiw lexeis kai apo tis duo glwsses sunexeia kai mporw na sunnenoh8w just fine,greeklish
"To ikseres pos o kosmos egrafe ""greeklish"" aiones prin esy gennitheis",greeklish
Oxi,greeklish
Tora omos to ksereeis,greeklish
Gia istorikous logous loipon,greeklish
Giati h orthografia mou einai xalia Kai me ta greeklish mporo na to kripso,greeklish
Giati na min grafoume greeklish OP,greeklish
Idietaira kaneis,greeklish
To Elliniko Alfavito exei 24 xaraktires enw to latiniko 26 auto shmenh oti kathe xaraktiras mporei na antixithi me enan apo tous 26 latinikou kai perisevoun 3 to Q to J kai to C an kapoios kseri oti orthografia sta ellinika mporei na grafei swsta kai greeklish,greeklish
Giati einai to proto step gia na gamiseis fasaia,greeklish
De xreiazesai mpriki gia kaneis elliniko kafe pleon exei k allous pio sinxronous eukoloterous tropous,greeklish
Giati na prepei na grapsw me tonous kai ena karavi orthografias,greeklish
ti kerdizw pera apo tin astinomeusi tou grammar police kai tous thewritikous pou theloun na sinexisoun na kanoun idietaira arxaia kai nea ellinika,greeklish
Honest question,greeklish
milao kai grafo pio sixna se agglika opote exo sinithisi pio poli ta grammata,greeklish
Gia na grapso ellinika ksodevo ton diplasio xrono + vazo kai autocorrect gia tonous,greeklish
Giati na min grafoume greeklish gia peite mas,greeklish
1,greeklish
"Den kserw orthografia
2",greeklish
Varieme na girizw piso gia na diorthoso tin orthografia,greeklish
Giati otan ksekinisa me ypologistes imoun agglia kai den xreiastike pote na grapso sta Ellinika,greeklish
Tora zo Ameriki opote den exo pliktrologisei sta ellinika pote sti zoi mou kai einai poly pio dyskolo tora pia,greeklish
Giati grafoume agglika kurios olh mera kai den tha allazoume sunexeia plhktrologio,greeklish
Tha kanw ligo gatekeeping twra,greeklish
Alla eixame to internet polu prin o mesos kosmos na parei xampari ti paizei,greeklish
Milagame etsi apo kairous MSN kai oi pio megaloi akoma pio prin,greeklish
If anything opoios DEN grafei me greeklish einai periergos gia emena,greeklish
"Re malaka den kserw orthografia me to keyboard, enw ama ta grafw me to stilo panw sto xarti vgenoun mia xara",greeklish
Ase mas kai esu twra,greeklish
akribos auto,greeklish
"mlk genithikame to 80, den eixe kan ellinikous xaraktires otan mpename me modem sto internet, kai erxete to kathe mouliko na mas tin pei pou grafoume greeklish",greeklish
XORIS EMAS DEN THA IPIRXE TO GREEKLISH MOULIKA,greeklish
Kai pou de to diavazeis esu den allazei kati,greeklish
Greeklish ftw,greeklish
100% epeidi eisai sporos tou satana kai theleis na katastrepseis thn ellinikh neolaia,greeklish
An kaneis den xrisimopoiouse greekish twra tha zousame thn deyterh ellinikh anagennisi,greeklish
O megaleksandors that kataktouse thon kosmo kai oi trappers den that plakonontousan se dimosious xorous,greeklish
"En etei 2022 pou exei orthografo akoma kai to psugeio, to na nomizeis oti i orthografia einai to thema deixnei posi antilipsi exeis",greeklish
"re'su mperdeuomai para polu giati ta grammata dn einai sthn idia thesi opws sthn ellada, px eimai germania kai germania to exw ano kato wasd dn einai kan wasd, opote grafw ta panta me agglika grammata/keyboard pou einai polu pio eukolo",greeklish
thelei run as administrator kai emeis mpenoume apo user logariasmo administrator exei kodiko dn kserw twra tosa polla apo pcs,greeklish
Oxi alla autos arxise olo auto to kinhma mhn kolas sto onoma,greeklish
den uparxei kanenas sovaros logos na mhn grafei kapoios greeklish apo th stigmh pou mporei kai sunennoeitai,greeklish
Grafw greeklish apo to 2000 sto internet,greeklish
Htan kai einai eukolotero na katalavei kaneis ti grafw otan prospathw na xrisimopoiisw stoixeiwdi orthografia sto keimeno,greeklish
Thema sinithias I guess,greeklish
"&#x200B;

edit : tha protimousa na upirxe enas kwdikas gia to pws tha prepei na grafoume sta ellinika me agglikous xaraktires :)",greeklish
prwton pou dn exw pc kai deuteron pou eimai st pc tis douleias opos sto eipa dn mporw na valw greek alphabet tha mou prizoun ta arxidia meta,greeklish
"egw st pc douleuw st grafeio, twra eimai douleia dn exw ti na kanw",greeklish
xazeuw apo dw kai apo kei,greeklish
episeis prospathisa na katevasw games kai dn me afinei na kanw instal giati thelei administrator so,greeklish
"katalavainw kai einai kalo auto pou kaneis alla emena dn me endiaferei, na katsei na dei to boss mou ti",greeklish
reddit post pou sxoliasw gt dn exw greek keyboard st pc tis douleias mou,greeklish
e wraia,greeklish
hahaha oti kai an dei den me enoiazei,greeklish
dn tha allaksei tipota :D,greeklish
to internet den einai neuland gia tous ellinares,greeklish
"Erxomaste kai spiti sou , ola legit",greeklish
Hihi,greeklish
Kai ‚Äògw,greeklish
Greeklish einai anwtero lol,greeklish
ti exoun ta greeklish,greeklish
Denn exei suspense,greeklish
to vlepeis kai 3ereis ti sou erxete,greeklish
Mia xara euanagnwsta einai ta greeklish :),greeklish
I open the freezer to get warmer bruh,greeklish
Vasika kai greeklish pou grafw einai epidi cba na perasw ellhnikh sto pc,greeklish
monaksia niwthei kapoios akoma kai an einai o poio dimofilis anthrwpos ston kosmo,greeklish
to thema einai  na exeis anthrwpo na se katalavainei se vathos,greeklish
"sigoura oso megalwneis einai wraio na moirazese tin zwi sou me kapoion pou se ktlv , apo tin alli uparxoun anthrwpoi pou aisthanontai gematoi apo kenes peristasiakes sxeseis xwris ousia(filikes k mi)",greeklish
To na eisai teleiws monos dn kserw an einai kalo akoma kai na to exeis epileksei omos,greeklish
synitheia plus maresei na trigarw atoma gia ta greeklish,greeklish
fenete polu eukolo kai einai polu asteio to poso eukola oi karens nevriazoun me kapoion pou tha grapsei greeklish kai arxizoun ena paralirima tou styl pigaine sxoleio amorfwte ktlp tha xathei i ellada logw esena ktlp,greeklish
Alla einai oi idioi pou meta tha psifisoun mitsotaki kai  tha petaksoun to tsigaro tous katw tin paralia :P,greeklish
pata sto parakatw link gia na paralavis to dema sou brokoloko,greeklish
"tulahiston itan professional ke to egrapse me Greeklish, ta ellinika grammata ine gia tis mazes",greeklish
E bro na sou pw den mporoume na soy dosoume to dema sou pata ligo to link aight ta leme,greeklish
"ade re mlk 8elw kai egw na parw to paketo mou kamia wra, me ton vlk ths elta courier",greeklish
"Xamhlwse ta standard sou gia to poious perimeneis na vreis edw mesa, stay classy kai calm, stick to r/all, mhn to afhseis na sou roufh3ei th zwh",greeklish
"Epitides to kano na se neuriaso 
Krima gt ebala kai greeklish kai syntomografies thkiaole",greeklish
na pas na mamitheis kai su kai oi mamies sou,greeklish
Nomizw pos thn exoun dei harry potter les kai prepei na lene sugkekrimena logia gia na piasoun oi teletes,greeklish
"Gia pe re esy pou pairneis apo grammata, ti lene oi papades",greeklish
Sorry re file katse na to grapso me tropo na to katalabis kai esi,greeklish
"H apantisi sthn eretisi sou einai sto proto sxolio 
Capito mpoufe",greeklish
üòÇ,greeklish
Ke gia na tiriso ti internetiakies teletourgies,greeklish
"#wooosh



Edit",greeklish
Sosta to ekana,greeklish
ime kenourgies se afto,greeklish
Ne ke,greeklish
Ine plousios pou kolai afto,greeklish
Ke ego ftoxos,greeklish
To idio ke esi na fantasto,greeklish
Ektos an mou grafi apo to idiotiko sou jet,greeklish
To ksero kapii ine plosii kapii oxi,greeklish
Ke o rex ine batsoskilo,greeklish
Tha poume ke ala sxeta trivia,greeklish
Ke ego,greeklish
eksigise mou to sxolia sou prgatika,greeklish
Ine kapio pexnidi pou grafoume lista me plousious,greeklish
Eprepe na apantiso ke o bezos  ine plousious,greeklish
Opos sou ipa endiaforome na gia tin panoukla ke oxi gia prismena arxidia,greeklish
Pote akrivos katigorisa atoma,greeklish
Esi ipes gia ton malaka tis Tesla,greeklish
Exis peresthisis,greeklish
Fantazese pragmata,greeklish
Ti vlepis giro sou,greeklish
Akousi ton Zuckerberg na sou psithirizi sto afti,greeklish
Apo tin platia exarxiwn exis stasi ilektrikou sta 10 lepta stin Omonia + stasi metro sta 13 lepta sto Panepistimio,greeklish
Oso perisoteres stasis vevea toso to kalitero ala stin prokimeni i skopimotita mia stasis metro stin platia exei na kanei me tin alagi tis koultouras ton exarxhion se kati alo apo aftou pou einai twra,greeklish
"Oses stasis kai na ftiaxoun, an to orario ine afto pou einai kai  twra pali me to amaxi tha vgenei o kosmos",greeklish
Klama,greeklish
ti thewreis anavathmish akrivws,greeklish
"akrivotera noikia, mikel kai coffee island se kathe gwnia",greeklish
edit: de kanw edit sinithws alla osoi kanete downvote peite mou kai mena na mathw ti akrivws anavathmish paizei trigyrw,greeklish
hahahahaha wtf ti sugkrish einai ayth,greeklish
">grigoris sthn plateia 

exei nai, hdh provlhmatiko

>akriva noikia pantou

ayto de shmainei oti de tha akrivinoun akoma pio poly me to metro

>pezodromio parkour

den eisai xazos, katalavaineis oti anetos den ennow oti exei wraious dromous kai den vrwmizoun ta papoutsia mou

>diafylaksh xarakthra=attraction

oxi, ta eksarxeia exoun istoria 

den milame gia to 16xrono pou tha paei hasan epeidh omg eksarxeia eimai toso cool",greeklish
"exw taraxtei ligo apo ta downvotes kai de mporw na skeftw kathara, egw eipa ti anavathmish pistevw oti fernei, ekshghse mou kai mena pws katalavaineis thn anavathmish twn eksarxeiwn me metro",greeklish
">ayto de shmainei oti de tha akrivinoun akoma pio poly me to metro

dld me metro stin tositsa den tha anevoun kai me metro stin plateia tha anevoun",greeklish
h apla einai >150 kila epeidh kathetai olh mera edw na uperaspizetai tous mpatsous sta antistoixa post kai duskoleyetai,greeklish
giati thes metro sta eksarxeia esy,greeklish
"kai apla plhroforiaka, pote pathses teleytaia fora eksarxeia sth zwh sou",greeklish
"kyriolektika kaneis reprogrammatismo ton eauto sou, einai toulaxiston aksiothrinito",greeklish
oxi gata einai tha zhsei kai 10 meres an exoyn nero,greeklish
"sygkrineis ta greeklish pou einai kyriolektika mia se polla eisagwgika dialektos gia euxristia kai na kaneis thn zwh sou pio eukolh sto internet mias kai ta perissotera einai sta agglika, me thn kathareuousa pou stamatise na omilite polla xronia prin",greeklish
"kai for your information grafw greeklish mono kai mono gia na sthn spasw kai apo oti fenete epiase mias kai thewreite tous eautous sas ""anoterous"" kanontas question an exw teleiwsei sxoleio",greeklish
eiste gia lipisi,greeklish
I mama sou ine kompleksikia ke toxiki,greeklish
Mine makria,greeklish
Genika stin athina o kosmos sto Metro kitai,greeklish
I emfanisi den pezi rolo,greeklish
Opos periegrapse ton eafto sou den ixe kati na traviksis ti prosoxi,greeklish
Os athines ipotheto oti ine pio pithano na kitagan ti mitera sou perierga ke kolaga se Esena antalaklastika gia na min pareksigithoune afou de ixes kati periergo gia athina,greeklish
Atoma apo eparxia tetion apopseon ksexorizoun San ti miga me sto gala edo Esto ke an den to antilamvanonte,greeklish
Ad hominem,greeklish
Mou aresi otan ta ougana dixoun ti klasi Tous,greeklish
Ke kapakia ableist prosvoli,greeklish
Pio nothis pou ise idos ipo eksafanisi,greeklish
Ponai e,greeklish
An pistevis oti aksizi ton kopo mou gia sovari apantisi ise entelos delusional,greeklish
Iperaspistes tetion simperifora den aksizoun tipota ektos ton hlevasmo mou,greeklish
Auto poy kateytheian to gyrizete sto only fans pote dn to ktlv kai egw dn eixa katholou lefta k voitheia alla dn arxisa na @@ papoudes,greeklish
"EIdika an eisai kopela einai oti pio eukolo na vreis serviotra, eidika an eksogiseis tin katatasi p vriskese kiolas kai poso anagkia exeis",greeklish
Leoforos alaksandras konta sto metro ampelokipi,greeklish
Kanoune sinelefsi arketa sixna,greeklish
"Stekare sto kinimatorama


Leptomeries oute ksero oute tha mporousa na Po apo edo profanos",greeklish
Iparxoun ke diafores  feminstikes omades pou mporis na apefthinthis gia voithia,greeklish
"Gia sinvoules stiriksi 

Ke ikonomiki voithia isos mexri ke gia stegasi",greeklish
An den exis akrea omofovikes ksenofovies ktl apopsis den tha exis Kane thema,greeklish
Ke akoma ke etsi na ine teties omades tha stiriksoun oso mporoune,greeklish
Pou einai auto,greeklish
Gia tin idio logo pou otan zitas hotdog den sou fernoun loukaniko,greeklish
Ke otan zitas burger den sou fernoun bifteki,greeklish
"Edit

Before any one tell my it is not the same",greeklish
Use Google,greeklish
"Edit 2

Giati to deftero sta aglika",greeklish
Giati ipia ligo parapano,greeklish
"Edit 3

Edo ke 20 lepta pernao iparksiaki Kris an eprepe na Valo proto I deftero sto Trito/deftero",greeklish
Exei kantantisi,greeklish
Apla ine mia sinxroni onomasia gia mia klasiki antropini/kinoniki simperifora,greeklish
Rota ke to sokrati,greeklish
I opidipote atoma aniki se perthoriopimeni (marginalize) omada,greeklish
"Otoma pou to zoune kathimerina ala gia kaipio ""aneksigito"" logo den ""metrai""


Tora otan strefete se epixirisis ke atoma me isxi",greeklish
Sta @@,greeklish
Tis perisoteres fores ine marketing pou apla Tous vgeni se kalo,greeklish
I arnitiki diafimisi ine akoma diafimisi,greeklish
"eixa kanei kai egw antistoixo post, pleon pairnw mono apo ena sygkekrimeno poly spania ennoeite me to zori mia fora to mina mporei kai ligotero, epeidi einai wraio kai to magazi to exei kratisei 3 anti gia ola stin perioxi p to exoun paei 3,40",greeklish
Afou o pli8orismos einai 25% toso 8a pane,greeklish
Giati den 8eloun na xasoun cent,greeklish
Kai afou ta dinei o kosmos giati oxi,greeklish
Kai oxi den einai 12%,greeklish
Ntaxei kanenas den eipe oti einai epistomonas,greeklish
Balakia varaei me mia raketa,greeklish
I apopsi tou oso egiri oso tis kuras Marias tou peripterou,greeklish
poly logiko ek merous t,greeklish
"allwste o idios isws na exei nosisei, me apotelesma na exei eidi antiswmata ara tha itan mataio na kanei to emvolio",greeklish
episis exaitias tis ilikias t kai tis fisikis t ikanotitas einai STATISTIKA sigoura oti akoma kai an kollisei dn prokeite na diaswlinwthei oute profanws na pethanei,greeklish
episis to lifestyle t mporei na elaxistopoiei tin pithanotita na kollisei,greeklish
dld an sunanastrefetai me 5 atoma kathe mina tote malon dn tha kolisei,greeklish
"genika psekasmenoi pistevw oti einai osoi katapinoun akrita o,ti malakia akousoun apo dimosiografous kai apo tile-giatrous kai oxi  o tsitsipas p apo oti fainetai exei stoixeiwdi kritiki ikanotita",greeklish
thelo kapios na mou eksigisi me epixirimata giati ego i o tsitsipas pou imaste 24 XRIAZETE na kanoume to emvolio,greeklish
o koronoios den apilouse pote aftes tis ilikies,greeklish
nosisa to perasa xalara opos kai oloi oi gnostoi mou tis idias ilikias,greeklish
"afou loipon oi gonis mou exoun emvoliastoi, oi ilikiomenoi kai efpathis omades exoun episis, giati prepi ego pou etsi kialios den kindinevo, oute apilo tous gonis mou kai tis efpathis omades klp",greeklish
"pou exoun emvoliasti, na kano to emvolio",greeklish
apadisis tipou psek kai tetia den mou lene tipota opios exis kapio epixirima logiko as mou to grapsi,greeklish
to 80% edo mesa einai papagalakia ton kanalion tsirakia tou sipsa kai tou xardalia,greeklish
den boroun na xonepsoun oti oi neoi den emvoliazode giati apla den iparxi logos,greeklish
na emvoliasti aftos pou kindinevi,greeklish
den kindinevo ara den emvoliazome toso aplo,greeklish
"kai siga min katso na psakso kai ta comments sou kaimene me mia protasi apadouses ama thes, ton logo pou xriazete na kano to emvolio, apli erotisi itan",greeklish
apofasises na me prosvalis omos gt ta kanalia sou exoun mathi oti opios exi kritiki skepsi gia to emvolio einai psek,greeklish
XAXAXAXAXAXAXA brooli m exeis provlima katanoisis ektos apo tin elleipsi statistikwn gnwsewn,greeklish
isxuristika egw se kapoio simeio sto comment m oti KATHE ENAS ANEMVOLIASTOS EINAI APITHANO NA PATHEI TO PARAMIKROO,greeklish
OXI,greeklish
"ANTITHETA, isxiristika oti o tsitsipas p einai 23 kai athlitis dn PROKEITAI NA PATHEI TO PARAMIKRO OTAN NOSISEI APO COVID",greeklish
ama diladi to ekanan osoi kindinevoun ego den tha xriazotan na to kano,greeklish
"den katalaveno giati tin les se mena kai ton tsitsi kai oxi se olous aftous pou kindinevoun kai den emvoliazode, efpathis omades ilikiomeous klp",greeklish
ama to kanoun afti ego den xriazete na to kano,greeklish
"etsi kialios o koronoios irthe gia na mini, idi kolane oi emvoliasmenoi kai to metadidoun",greeklish
"o ios metalasete analoga, se emvoliasmenous kai min",greeklish
"ama loipon emvoliastoune OLOI osoi kindinevoun, kai OLOI pano apo mia ilikia , to covid apo foniki arostia tha metatrapi se mia arostia paromias tis gripis",greeklish
"antikatestise ta statistika p parethese me ta statistika pou aforoun to pososto diasolinwsis kai ti thnisimotita stous neous <30 anthrwpous

edit: fuck bro eimai kathisterimenos dn mporw na ksexwrisw ta sumvola lol <>",greeklish
den iparxi kati na pis se enan igiestato 25xrono pou den theli na emvoliasti,greeklish
"to epixirima na to kanis gia tous alous den piani giati oloi skeftomaste afou den to kani aftos pou to xriazete, den tha kano ego giafton",greeklish
Pws auto einai to xeirotero,greeklish
Xeirotero apo ti,greeklish
Den litpurgoun etsi oi gloses,greeklish
"Prota kati ginete genika apodexti ke meta thespizete

I eliniki glosa exi keno se afto to simio afou denexi oudetero Genos gia teties xrisis",greeklish
An xriazete I oxi na exi ine ali sizitisi,greeklish
Ali mia fora dixnis ti agnia sou,greeklish
To @ den ine oudetero me afti tin enia,greeklish
Ine gender neutral,greeklish
"(enia pou den iparxi ka sta elinika)

Diladi Kane sigekrimena apo ta 3 geni pou exoume stin alada",greeklish
Pion ethikses,greeklish
Den me thigi I vlakia sou min anisixis,greeklish
Oti egrapses ine lathos,greeklish
Den iparxoun 2 vilologika fila an exis katanoisi pera apo tin aploustefsi pou mathenis sto dimotiko,greeklish
I glosa exi oti emis theloume na exi,greeklish
Emis ti ftiaksame,greeklish
Exi arnitiko varos xrisimopioutan arnitika xronia tora,greeklish
"Ala ine asxete epidi to @ den anaferete se afta

Den kanis adapt sti glosa I glosa Kani adapt sti kinonia",greeklish
Panta etsi ginotan,greeklish
Mi iparxto provlima,greeklish
Ma iparxi provlima,greeklish
To paradexese ke o idios,greeklish
Sti simasia tou diafonis,greeklish
Mathe prota pia ine I diafonia sou me ena thema ke meta milas,greeklish
Epis an exis proseksi den exo Pari apopsi sto thema ke oute tha to Kano,greeklish
"Opote min mou ta prizis an ine sosto I oxi I xrisi tou @ sta @@


Aplos sou leo oti afta pou grafis ine lathos an thes na sizitisi sovara gia to thema exe ti vasi gia to ti isxi sosti prota",greeklish
Imaste me to zori sti mesi,greeklish
Pisteve oti malakia thes den mou pefti logos,greeklish
Den simeni kati,greeklish
Oute ego mporo,greeklish
Mpori Ne ixe disleksia/disarithmisia,greeklish
"Des exi na Kani me to an kseris, ine adinaton gia ton egefala na kanis ti sindesis xoris na to skeftis Energa",greeklish
Pou akironi oli ti diadikasi tou skopou na dis tin ora,greeklish
Den exi na Kani me to poso Kalos ise sta mathimatika ala me tin epeksergasia arithmo,greeklish
"Den exo provlima sto diavasma it se latinika ite se elinika ite ke tixeous xaraktires na vazis ama miazoun me Tous elinikous to diavaso

Vasika diavaso arketa pio grigora apo to meso Oro 


Sto grapsimo exo thema to opio fenete kiolas",greeklish
Mou ine pio diskolo na grafo elinika logo orthografias,greeklish
Me tin ora to provlima ine oti prepi na skefto gia aples praksis akoma ke me monopsifious arithmous,greeklish
Opote ama mou diksi ti ora se analogiki tha to kitao gia kapia ora pri katalavo to ora ine gia na Kano Tous ipologismous,greeklish
Douleva se beach bar pou gia 1 mhna dn eixame ontws katalogous giati dn tous eixane ferei akoma kai apla me rwtagan times kserwgw poso duskolo einai na rwthseis ton servitoro poso exei to kathe pragma,greeklish
"Loipon epeidh oute hsastan Sto epal stavroupolhs, oute exete dei tipota Pera apo ""news"" Sto kinhto sas, exoume Kai Leme :

Sta epal stavroupolhs aftoi Pou epitethikan prwtoi htan MESA apo to sxoleio kai htan en merh organwmenoi apo thn ENETH Kai hkseran Oti tha ginei diadhlwsh h Oti egine Kai oi misoi apo aftous ""Tou sxoleiou"" den htan kan Tou sxoleiou, htan ekei Gia mpaxalo apla",greeklish
"Oi apeksw den trampoukisan kanenan, tsirizan fwnazan Oti skata kanane Kai apla oi alloi Tous trexane

O sygkekrimenos typos twra to an einai swsto na krataei ropalo h oxi o kathenas exei diaforeitkh apopsh alla en gnwsh Mou Den travmatise h xtyphse kanenan



P",greeklish
S,greeklish
"1 : egw proswpika oute me Tous men oute me Tous de eimai

P",greeklish
S,greeklish
"2 : anti na akoute Oti malakia vgainei h aristera h h deksia h opoios skata leei, an den hsastan ekei mhn pistevete tipota Gia kanena symvan, egw apo ekeines tis geitonies Kai sxoleio eimai opote arakste ligo me ta peri propagandas",greeklish
"Edit : mh Mou peite Gia sources, ta Mona ""sources"" Pou tha prepei na pistevoume pleon einai opoios einai neutral Kai parwn",greeklish
Se kathe post Pou anaferetai to paidi Sto post sxoliazoyn Gia ta tote sthn stavroupolh (opws Kai se afto an diavaseis sxolia) ki epeidh kourase eipa na pw dyo pragmata,greeklish
"Vale akoustika akou ligi mousiki kai perpata to kalo stio sigekrimeno activity einai oti kaneis mia alpha gimnastiki to mialo stamata na skeutete kai paei auto pilot meta apo ligo 
Tha sinistousa ama eisai se poli na pigeneis akrivos apo tin antitheti pleura pou pas otan xipnas gia doulia sxolio na mpeneis se sokakia kai gitonies pou den exeis paei 
Learn to apriciate the new + helps with time management its just like 60 mins 20 songs times away do it before sleep",greeklish
Den kserw einai kai poly bullshit auta ta pragmata,greeklish
Makari h zwh mou kapoia mera na einai toso teleia wste to mono pou na me xalaei na einai giati random atoma sto internet den milane ellinika,greeklish
3erw gw,greeklish
Eleu8eria ekfrashs,greeklish
Monternismos,greeklish
Isos kati p fenete poio international einai poio 8eltiko se sigkrish me ton pono p prosferei h xora mas adiakopa tosa xronia stous neous,greeklish
Idea den exw,greeklish
Den 3erw kan ti glwssa grafw,greeklish
kai tora galikoures,greeklish
Ti parakmi,greeklish
ti Parakmi,greeklish
"Unpopular opinion:

Ta Greeklish einai 100% ok otan grafeis me swsth orthografia",greeklish
Kai nai,greeklish
Yparxei vasiki orthografia sta greeklish,greeklish
An 3anagyrisoun ta Greeklish 8a prepei na einai upoxrewtiko na xrhsimopoieitai 3 anti gia ksi kai 8 gia thita,greeklish
True that,greeklish
Apla h diafora sto amaksi fainetai upervoliki an mexri kai o max trwei tetoio gap,greeklish
Pantws to pws phge o max apo to na spaei rekor se seri nikes sto na min mporei na stavrwsei niki se ena xrono einai akraio,greeklish
"Evgala  prosfata telios to gboard (arketa stixia dino idi sti google) gia antistixo  open source pliktrologio

 ke den exo kitaksi akoma kati antistixo gia outocorrect",greeklish
"exeis dikaio, yparxoun megalh dromoi se alles europaikes xwres, alla genika einai enas o dromos me tis 6 lorides, to megalhtero meros tis polhs exei mikroterous dromous  


sthn ellada mporei na mhn exoume 6 lorides, alla sigoura exoume perisoterous dromous me 3 lorides (ton opoion ton enan enai gia parking panta)",greeklish
"exeis megalo dikaio edw, kai den einai les kai ta toubla mas einai xena, pola romaika eripia opos sthn nikopolh einai ftiagmena apo toubla  


gia kapoio logo emeis dialexame na fthsoume oti omorfia eixe mia polh san thn Athina stis dekaeties tou '20 me ta neoklassika ths kai ta antikatasthsame me ghmno tsimento  


einai na trabaw ta mallia mou",greeklish
"kala mhn mou ta thimhzeis kai auta more  


menw ligo sto exoteriko kai gyrnaw kai den xeblepete h asxhmia  


aporw pragmatika giath xanarxontai oi touristes merikes fores",greeklish
exw ypsila standards gia thn ellada mou üòÇ,greeklish
"sthn ellada to home ownership rate einai sta 75% pano kato  


([https://tradingeconomics",greeklish
com/greece/home-ownership-rate](https://tradingeconomics,greeklish
"com/greece/home-ownership-rate) )  


sigoura den tha se peiraze na klhronomhseis ena spith pou kostizei 500 000 anti gia 70 000 ;)  


alla exeis dikaio, einai ena apo ta kala, kai malon auto to pososto to exoume epeidh oi times einai ftines (kai ta spitia moiazoun skata)  
den to polhskeftika me auto to metopo :/",greeklish
"koita, erxome egw apo mia optikh opou ta amaxia, otan den odhgas ena, sou kanoun thn zoh kolash",greeklish
"Otan emena athina kykloforousa me podhlato panta, den tha syzhthso tora gia thn katastash ton podhlatikon ypodomon sthn athina, proteuousa, (epeidh den yparxoun)",greeklish
Alla fantasou tora egw na riskaro thn zoh mou epeidh xreiazomai na pao apo axarnon mexri papanikolh epeidh ta leoforia einai skata kai ta amaxia einai dolofonoi,greeklish
"Apo pano, yparxei ena phenomeno pou legetai ""induced demand"" opou otan xthzeis poles lorides, tha yparxoun perisotera amaxia ston dromo",greeklish
"Gia mena h dio lorides me ths alles gia parking proton den einai physiologiko, einai polh",greeklish
"Deuteron tha hthela toulaxiston thn mia lorida na einai monaxa gia ta leoforia/podhlata kai thn allhn gia ta amaxia, auto gia mena tha htan mia arxh (kai fisika ta amaxia siga siga na ta parkaroun exw apo thn polh, kai na yparxoun merika shmeia opou mono oi katikoi na mporoun na parkaroun)",greeklish
"Ta aytokinita einai o,ti xeirotero gia mia poli",greeklish
r/fuckcars unite,greeklish
"den symfonw, otan h benzinh kostizei 2 euro (kai anw) to litro den sou eukolinh katholou thn zoh na exartase apo amaxi",greeklish
"xoris na anaferoume to kostos asfaleias, tou kteo, ton telo kykloforias, ktlp",greeklish
"mia sosth xwra einai ftiagmenh oste na mhn xreiazese ena amaxi, kai oti ypodomh einai gia amaxia na einai analafrimenh gia autous pou ontos to xreiazontai",greeklish
"H podhlates sigoura, mporei na einai epikindinoi, alla den shgnkrinontai me amaxi, to amaxi exei maza 1-2 tonous kai ftanei se mia elinikh polh taxithtes 50xm/ora (pano kato)",greeklish
Ena podhlato se kamia periptosh mporei na paradidei osin energeia oso ena amaxi,greeklish
Epishs o ellinas odhgos standard den tha stamathsh se diabash pezou h  dinei protereotita opos upagoreuh o KOK,greeklish
"Ti sou eftaixe o podhlaths, spanios opos einai sthn Ellada den mporo na katalabw",greeklish
"Kai nai, oi perisoteres lorides ontos fernoun ta perisotera amaxia",greeklish
"An theleis na mikrhneis thn khnhsh, dine alternativa ths prokophs, oxi perisoteres lorides",greeklish
"an sou fenetai periergo auto pou sou lew gia ""induced demand"", sou protinw na arxiseis me auto to aplo arthro wikipedia

[https://en",greeklish
wikipedia,greeklish
org/wiki/Braess%27s\_paradox](https://en,greeklish
wikipedia,greeklish
"org/wiki/Braess%27s_paradox)

100 xiliades autokinita opos kai na exei einai axanes, sthn teleia katastash oi anthropoi ta xefortonontai epidh den xreiazontai pia amaxia",greeklish
Outos i allos me oles tis prasines arxes ta perisotera ellinika amaxia tha exoun olo kai megaliteres diskolies me ton nomo,greeklish
"A klassika, grafw me greeklish opote den exei aksia o logos mou, downvotes kai metafrasoula for the sake of irony",greeklish
Poia eimai egw na dwsw orismo sthn texnh,greeklish
Emena mou aresei kai auto arkei,greeklish
"Kante downvotes kai arxiste na klaigeste gia ta lefta sas, emena alloi mou ta trwne kai oxi oi graffitades pantws",greeklish
"Dhladh twra oloi edw mesa mporeite na uperaspisteite thn antikeimenikothta ths texnhs, na thn orisete kai h aisthitikh h dikh mou gia kapoio logo den einai dekth kai thn afhnoume na kruftei mesa sta threads gt den sumvadizei me ta dika sas kalaisthita protupa",greeklish
Vandalismo onomazane kai erga muralismou sto mexico ta opoia shmera exun apisteuta megalh pneumatikh aksia,greeklish
"Antistoixa erga graffitadwn pou katalamvanoun me thn texnh tous dhmosious kai idiokthtous xwrous, pleon h elit apofasise na ta valei se mouseia kai na ta kostologhsei",greeklish
"H idia elit pou onomazei to graffiti vandalismo, auth kerdizei lefta kai o kallitexnhs kunhgiete apo thn astunomia",greeklish
To graffiti hrthe edw gia na meinei kai an texnika paroume upopshn pws einai toixografia einai texnh h opoia uparxei apo thn palaiolithiki epoxh,greeklish
"Sunexise me shmantika eurhmata se arxaious ellhnikous kai aiguptious politismous, sth mesaiwnikh kai vuzantinh epoxh",greeklish
Kapoia apo auta htan meros ths idias authaireths logikhs pou krinete: vandalismos idiokthsias,greeklish
Sth Sunthrhsh Ergwn Texnhs einai ena terasteio kefalaio mathimatwn kai ergasthriwn pou afora thn sunthrhsh kai thn pneumatiki aksia twn graffiti xwris na dinete idiaiterh shmasia sta protupa aisthitikhs pou vlepw edw mesa gt u guessed it einai upokeimenika,greeklish
Had no idea this existed,greeklish
GIA THN ELLADA GAMO THN HOOKER MOU MESA PALIO FUCKING TSOGLANIA,greeklish
Kai ta maxairia kai ta katsavidia kai oi gates tha eprepe na einai regulated tote,greeklish
Great legal mind over here,greeklish
na to synithiseis gt eime me laptop  eksoterikou kai varieme na kanw to setarisma gia tin glwsa,greeklish
k episis an dn saresei kai dn exeis na peis tpt sxetika me to thema tote na min asxolise file m xd,greeklish
"kala to montelo dn einai na epwfelitheis apo enan mina, alla apo synexeis agores enan xrono",greeklish
"dld an kaneis panw katw ,megales kyriws paragelies symferei",greeklish
alla giauto p lew egw sigoura dn me symferei pleon,greeklish
olo upotheseis mou eisai agapiti mou karen,greeklish
"dn exw faei prin ban gia na faw k dw, episis dn eimai  oute mikros oute filos sou, opote se oti kai na les apla pefteis eksw",greeklish
"Tha m peis logiko, ti allo na perimeneis apo tis karen tou reddit pou mpainw se post gia na sxoliasoun ta greeklish xwris na prosthetoun tpt allo aksiologo sto post",greeklish
"""bro to paketaki einai etoimo alla prp na rtheis na to pareis",greeklish
"Fere kai  kana 50riko,kses, foroi klp""",greeklish
"Ioannis den uparxei tropos na to poun lathos, einai to vaftistiko sou kai kratas kai ta 2 n apo ta Ellhnika",greeklish
Se ksena episima eggrafa Ioannis prepei na graftei,greeklish
Alliws John pou einai legit sta Agglika,greeklish
Ego me jiannis,greeklish
"Giati ine I toulaxiston itan to PIO spanio
Ke malon to PIO lathos apo ta tria",greeklish
"Ke etsi apefevga mperdemata me alous

Episis einai to efkolo gia tous ksenous an den seniazi na to proferoun sosta",greeklish
Mou exi tixi paketo na ftani Thessaloniki na to proothoune Athina apo Athina na aneveni ksana Thessaloniki kai meta se emena stin Xalkidiki,greeklish
Afou ixe kani ton giro Italia -> Germania -> Roumania -> Boulgaria,greeklish
ta greeklish einai to pio simantiko kommati tis monternas ellinikis koultouras,greeklish
mbro den exis karta pleom,greeklish
ime apo tin trapeza prepi na valis ola su ta lefta edo: wwww,greeklish
peos,greeklish
gr gia na min xa8un,greeklish
"Nomizw prepei na pathseis to link, kai oti stoixeia sou zhthsoun na ta grapseis, alliws rip karta :((((",greeklish
an eixe allaksei universally tha imoun in,greeklish
opote eite i apple kanei ta dika tis ta gnwsta eite apla den to eide kaneis k kaneis den asxoleitai arketa gia na to dei logw autocorrect klp klp,greeklish
"true, alla itan dwro kai i alitheia einai ikanopoiitika pio grigorok smooth apo alla kinita idias aksias pleon, den exw ta teleutaia montela",greeklish
ponaei to einai mou twra,greeklish
"ahhahaha, exei pio megalo thema to kinito sou, den vazei kan tonous, grigora steilto pisw 200¬£ episkeui",greeklish
"kouventa na ginetai, apla ithela na grapsw ena megalo keimeno sta ellinika k m efuge i panagia stin ptwti protasi, opote to egrapsa sta greeklish k to metetrepsa",greeklish
karkinaki,greeklish
"mpirimpip mpirimpop, afou sou exw k example gamw to mou",greeklish
poios allos ta kanei auta,greeklish
den exei simasia poios einai prwtos simasia exei poios nikise k m epevale na vazw ton tono prin to fwnien,greeklish
"thumamai tote traviksa toso zori, twra afou oloi oi kataskeuastes k users kathomaste parea gurw apo ti zesti fwtia p mas megalwse i microsoft gt na paw lamia mesw italias",greeklish
den exei kan tonous,greeklish
ennoeitai to prwto p skeftika itan auto,greeklish
ola einai apla otan eisai o katanalwtis pou stoxeuse i apple kai profanws ola mesa sto oikosustima tis,greeklish
"an eisai ligo periergos i ligo xtupimenos i theleis kati p den skeftike prin apo sena i apple, ti gamises",greeklish
arxizw na thelw na to poulisw twra enw edw k ena xrono apla den asxoloumoun,greeklish
"ekane ti  douleia tou ekana ti douleia m, oloi xaroumenoi",greeklish
ummm,greeklish
den einai efikto pleon,greeklish
":)

https://preview",greeklish
redd,greeklish
it/8aiedpm0cpfa1,greeklish
jpeg,greeklish
width=2250&format=pjpg&auto=webp&s=b2eb123bd29be2cf0d31b0442aa98ab1a6563cad,greeklish
otan imoun mikros epesa sti xutra me ti malakunsi kata kurio logo,greeklish
"ola ta autocorrect features einai disabled, apoti fainetai tha to energopoiisw",greeklish
mexri na mazepsw merika ekatomuria k na tous kanw munisi,greeklish
"nai alla prepei na foras ta mplouzakia p tha s lew egw, tha xezeis stin stasi pou tha sou upodeiknuw kathe fora analoga me tis kavles mou kai otan grafeis ellinika me tonous tha prepei na pogaineis ston eiriniko na tous psareueis monos sou",greeklish
MONOS SOU,greeklish
-,greeklish
You called,greeklish
Exeis dikio alla prepei na thimasai oti i ellines pou figane idi itan distixismenoi me tin ellada kai thelane na vglaloun ta lefta tous,greeklish
Oi perissoteroi itan epituxis ara theloun na prostatevoun o ti lefta exoun vgalei,greeklish
"Auto epiriazei kai tin apopsi tous se koinonika themata 

Signomi gia ta xalia mou ellinika",greeklish
pws 8a proteina thn dior8wsh an dn hksera gia ti pragma milaei re bro,greeklish
ego pisteuo oti to na kaneis paidia einai i pio ipeu8ini kinisi sti zoi enos an8ropou,greeklish
ennoeite pos gia na kaneis mia tetoia kinisi iparxoun arketes proipo8eseis px oikonomiki katastasi ktl,greeklish
"osoi kanoun paidia kata la8os, gia na sosoun gamous i epeidh bariountai einai aksioi tis moiras tous",greeklish
Signomi an se prosvala,greeklish
Den itan afti i prothesi mou,greeklish
Ithela na toniso poso dinitika provlimatiki ine i hrisi ton greeklish,greeklish
Ap' oso gnorizo to prosvala ke to prosevala ine apodekta,greeklish
Pantos oli kanoume lathi,greeklish
Kalo ine na ta angnorizoume,greeklish
Gia sou,greeklish
Efxaristo pou epiveveonis to epixirima mou,greeklish
Xestika gia to feneste to ine me niazi,greeklish
"Edit

An to les ironika tha sou ekana ke up vote",greeklish
"Ala vaze /s alio sori den to exo meta apo 4 mpires

Edit 2

Mono 4",greeklish
Gernao mama,greeklish
DEN KATALAVAINW TI ENNOEIS FILE AKOUGESAI ETHNOPRODOTIS,greeklish
den einai sevasti h kathe aposi giati h antiemvoliastikh apopsi skotonei kosmo,greeklish
Auto pou milate misa ellinika misa agglika h petate ksenes leksis ti fash,greeklish
Like otan ta grafete den cringarete h mhpws milate k etsi apo konta,greeklish
I mean gtfo pussio ü§∑üèª‚Äç‚ôÇÔ∏è,greeklish
Pezei na exei na kanei me ths trapezes poli perisotero apo oti pistevei o kosmos,greeklish
"Parakalaw tous dikous mou na kanoun esto account gia PayPal kai Mia zoh ""oxi mou hpan oti einai to idio me thn trapeziki karta kai den prosferi tipota parapano""",greeklish
"An exw na fadasto enan logo pados einai oti Boris panefkolla na xekinisis ena ""business"" mesa mme kai na dexesai mono sinalages me PayPal kai anfibalo o Pro hacker sto insta pou thelli 100‚Ç¨ gia na mou kani recover to account na prironei fpa",greeklish
Kati pou theoro oti prepei na kanei h PayPal pados einai na dexesai na vaseis funds meso pay safe (nomizo oti px se polonika kai kypro ginetai) anigei ena terastio market pou einai anilika pou exoun ta xrimata kai theloun na ta xadepsoun px sto Nintendo switch h psstore alla den exoun credit card sry gia ta greekglish to kinito den exei elliniko alphabito,greeklish
"arxika kai esu afragkos eisai, ektos an douleueis",greeklish
"Apo goneis ta pairneis

kata deuteron, den xrisimopoiw lefta gonewn mou pera apo ta aparraithtws basika, na sai kala omws giati me ekanes kai gelasa pou epibebaiwsa oti eipa parapanw",greeklish
"egw komple blepw thn myth ths, to an esu psaxneis thn teleia myth basismenh se koinwnika standard einai allo thema",greeklish
-,greeklish
"epishs ontws den jerw na grafw ellhnika pleon kathws gia peripoy 8 - 9 xronia genika den grafw sta ellhnika, logiko na mhn kserw na grafw -mia glwssa poy einai legit koinwniko kataskevasma kai den uparxei sunepws den uparxei ontw 'orthografia - alla auto einia allo thema to opoio me ekanes pali kai gelasa re pousth mou pou ure a load of shit kai prepe na to epishmaneis,

HUH",greeklish
monos sou les pws to kanoun gia na niwthoun elkystikoi re termatismene,greeklish
"To pws blepei kapoios ton eayto tou exei AMESH sxesh me to ti yparxei gurw tou, se parakalw dhladh sobarepsou niwthw oti trollareis",greeklish
"epishs an se eixa mprosta mou tha sou ekana dwrean mia grigorh kosmetikh surgery tsak mpam, tha eisai agnwristos <3",greeklish
DEN EINAI KATHOLOU DYSKOLO AN KATSEIS NA DIAVASEIS,greeklish
AN DEN DIAVASEIS DEN THA PERASEIS EITE PAS FRONTISTHRIO EITE OXI,greeklish
TO FRONTISTHRIO DEN EINAI OUTE ANAGKAIA OUTE IKANH SYNTHIKH GIA NA KATORTHWSEIS NA FTASEIS TA EN LOGW MORIA,greeklish
"PREPEI OMWS NA KALYPSEIS OSO PIO GRHGORA MPOREIS MONOS SOU TA KENA POU EXEIS STA MATHIMATIKA, DIOTI O KATHIGITIS FRONTISTIRIOU DEN THA KATSEI NA KALYPSEI TA KENA SOU",greeklish
"KSEKINA APO TA VASIKA, AN TA KATANOHSEIS THA SOU FAINONTAI EKSAIRETIKA EUKOLA",greeklish
To documento den kserw an itan paliofyllada panta alla twra einai auto akrivws,greeklish
Paliofyllada,greeklish
"Isxuei bro, ena shmantiko kommati twn albanwn deuterhs genias thn kanei gia Londino, me ellhnikes tautothtes",greeklish
"Einai sigoura h pleionothta twn ""Ellhnwn"" katoikwn tou Londinou",greeklish
"tiganokefalos genniesai, den ginesai pote, to aima sou tha xysoume gourouni Bretane

 /s",greeklish
"bro to kranio exei ksekathara sxhma tiganiou, toso pou an to ebazes sto mati tis kouzinas tha mporouses na ftiakseis omeleta kserw gw, to trigwniko proswpo einai alliws",greeklish
"to panw meros tou kraniou einai diogkwmeno kai kanei to kranio na moiazei me thgani, profanws to sagoni den mporei na ginei toso stroggylo oute se autous",greeklish
Se ena trigwniko proswpo to koutelo den einai toso megalo kai diogkwmeno,greeklish
"Xoxaoxaoxaoxa pw ti mou eipe

Gia koita mia ean erxomai, comrade",greeklish
kai sena ti se koftei re flwre an grafw kefalaia k greeklish,greeklish
Osa anaferw sto sxolio mou einai nomika apolytws egkyra,greeklish
mou einai eksairetikws dyskolo na deiksw me logia to poso sta arxidia mou einai to ean diavases h oxi to sxolio mou anthrwpako,greeklish
isws an ksodeves ligotero xrono na prizeis poutses sto net na hkseres kai pws na grapseis swsta tin egkyrothta,greeklish
aurio dinw 4 mathimata koinotikou k dioikhtikou dikaiou kai den exw skopo na katsw na tsakwthw me enan mpaglamadako redditora,greeklish
Tha sou apanthsw omws na min krineis eks idiwn ta allotria,greeklish
"Fainetai pws exeis faei gamisi stin zwh s kai prepei na mazepses arketo hdh apo ta sxolika sou xronia, omws h empeiria sou den apotelei shmeio anaforas gia ton meso anthrwpo",greeklish
"mia xara eimai me tin ""koinwnia"" kai einai timh mou na mou leei na ginw ""anthrwpos"" enas typos san esena",greeklish
peace,greeklish
"kalitera kita gia kapio palio tei pou exei metatrapi se aei tora kai na pas se kapia sxoli mixanikon pliroforikis, to epagkelmatiki enasxolisi me programatismo einai kapos geniko na sou po tin alithia, thes na ginis front end i back end developer",greeklish
thes na asxolithis me efarmoges diadiktiou i na kanis programata pou tha xrisimopioun eteries/atomika/otidipote,greeklish
"den leo programatismo mathenis monos sou, kai mesa stin sxoli praktika monos sou tha prepi n mathis, o kathigitis tha sou diksis pos ginete kati ala ton tropo grafis sou kai skepsis sou tha ton dimiourgisis kai anaptiksis monos sou",greeklish
"episis i sxoli den tha sou mathi mono programatismo tha sou mathi pragmata sxetika me tin pliroforiki, protokola asfalias to pos litourgi ena http request, ti einai to https pou vlepis pano sto browser, giati o kodikos sou einai asfalis me afton ton tropo kriptografias kai oxi me ton alon",greeklish
"Ta iek prosopika ta snobaro epomenos min kitaksis se kati tetio gia pliroforiki, tha sou mathoun kapia ili kai meta tha se perasoun etsi gia na min tous tros xoro stis ethouses (apo istories filon pou akolouthisan IEK ala itan se alon tomea apo tin pliroforiki), kai ksana leo ginete kai monos ala den einai sosto, se mia sxoli den pernis mono ptixio perni kai poli gnosi se diaforous tomis pou kathorizi meta pos thes na aksiopiisis to ptixio sou",greeklish
den se anagkase kanis na to diavasis to paidi pou ekane tin erotisi mporei na to diavasi ama theli kai na di tin apopsi mou pano sto thema :),greeklish
"liquid ohi mazi sou resi  ya afton pou apandises 
itan",greeklish
"isa isa  mou arese o tropos me to pos xsigithikes
:)",greeklish
"pou sai file mou leipses, gnwmh gia oppi",greeklish
h agaph kai ektimhsh pou trefw gia sena einai arketh kai gia tous 2 mas ü•∞ü•∞,greeklish
"hahahahahha thanks gia ayto, den eixa idea oti yphrxe",greeklish
"Giati, ti mporei na kanei to wearable pou de to kanei idi to kinito sou, pou aksizei ta 300 tou iWatch eidika",greeklish
"Nai, pes oti den exeis epixeirima kai ase tis poutsodikaiologies",greeklish
"nai alla ama to peis ayto sto reddit 8a er8ei kyma legontas poly eksypna kai eystoxa pragmata opws : ""golden mean fallacy"", ""muh horse shoe theory"", and on and on",greeklish
"giati sto reddit, otan sou dinoun dyo perioristikes epiloges PREPEI NA DIALEKSEIS",greeklish
ma thn panagia den katalava ta 2 trita aftou tou post,greeklish
pliz mathe anaptuksh paragrafwn,greeklish
oso ehei na kanei me thn katastash polles toksikes sxeseis paizoun oso anafora tous filous sou,greeklish
afto simenei oti den tha kratisoun poly opote min anisixeis suntoma tha ksanakanete parea,greeklish
perna kala me thn kopela sou k xestous pros to paron,greeklish
genika min anxonese,greeklish
Geia sas,greeklish
gia na taxidepsw apo kypro -kriti mesa sta mesa tou fevrari ti xriazome,greeklish
(pcr rapid k afta) eimai anemvoliastos,greeklish
Exei kanena pou den tou pitoun xidia kai thelei na apantisi,greeklish
tragelafiko tileoptiko show me profani skopo ti pavlofiki epiktotisi twn mpatswn kai tis kivernisis apo tous suntiritikous p den exoun patisei pote sta exarcheia,greeklish
an psaxnan drugs tha pigainan sto kolonaki alla ekei malon arazoun ta afentika tous,greeklish
kati pou den einai pseftokoumounia,greeklish
afto den ginete panta,greeklish
kai ego skefti na psifiso kati mikro kai asxeto pou den prokete na vgi,greeklish
auth h erwtisi ginetai toulaxiston mia fora to mina,greeklish
"tha proteina gia na katapolemiseis tin varemara sou, prin asxolitheis me tin istoria, na afierwseis ligo xrono gia na apoktiseis tis katallhles texnologikes deksiotites wste na vriskeis auto pou theleis",greeklish
"kai prin to dw skeftika: ""e, kala ths CU einai hdh ligo poly skata""",greeklish
omfg the paiiiiiiin,greeklish
1 mina an minis me kipreous tha eise gg,greeklish
PS,greeklish
Sorry for Greeklish den exw sto keyboard sitn doulia ellinika,greeklish
"Dikigoros, check",greeklish
K enas malista pou ypothetika htan kapote stratologos o idios,greeklish
"Vevaia autos mou eipe oti mporw aneta na kanw ti thiteia mou sto Velgio, pragma pou telika den htan akrivws swsto, alla telos pantwn",greeklish
Exw kapoia eggrafa ta opoia mporw na parousiasw pou epidiknioun thn fysikh mou parousia th stigmh pou ta ypegrapsa,greeklish
"Fantazomai oti ean mazepsw merika apo auta kai na exw toulaxiston ena gia kathe 6 mhnes, tha mporw na kalypsw authn thn trypa pou dhmiourgei to olo provlima",greeklish
"Sto Velgio gennithika, alla o pateras mou htan Ellhnas kai eimai grammenos sta mitroa arrenwn ths perioxhs mou",greeklish
Auto fainetai olh mou th zwh mou to eksigousan oloi lathos,greeklish
Makari na htan toso aplo,greeklish
"Distixos omws einai kati pou prepei na lysw, gia prosopikous logous",greeklish
To prostimo den mou irthe akrivos,greeklish
"Se ena tilefonima me to Ellhniko prokseneio mou eipan pws ean den mporw na deiksw toulaxiston ena stoixio gia kathe 6 mhnes, tote tha mou vgaloun ena xarti anypotaksias kai tote tha plakosoun to prostimo",greeklish
"Gi'auto kai den thelw na paw amesws ekei me o,ti xartia exw, dioti an petyxw kapoion sthn SY pou ekeinh th mera exei ligo ponokefalo, isws na apofasisei oti den tous edwsa arketa stoixia",greeklish
Forolofikes dhlwseis kanw edw,greeklish
"Distixos den kserw ean tis dexonte san apodeiktika, dioti opws mou eipe kai h tyromouna sto prokseneio: ""Den shmainoun kai polla auta ta eggrafa, dhlwseis mporeite na kanete online enw vriskeste anypotaktos entos Elladas""",greeklish
giati re file,greeklish
den iksera oti ipirxan atoma pou den kseran na diavazoun greeklish,greeklish
Kai de milaw gia ta greeklish p kanoun i gomenes tou fb me tis fatses alla apla greeklish opos ta dika mou,greeklish
Skase re kanakh mia xara einai ta greeklish,greeklish
"Giati einai grigora, apla, kai mias kai ta agglika einai sunithws i prokathorismeni glwssa sta perissotera pc de xreiazetai na allazeis glwssa kathe treis kai ligo",greeklish
Episis an ta grafeis me mia sxetiki orthografia einai mia xara euanagnwsta,greeklish
"An ithela na sou grapsw olokliro keimeno profanws to grafa sta ellinika gia na diavazetai pio efkola, ala gia merikes protaseis i gia mia suzitisi sto facebook enoeitai tha xrisimopoihsw greeklish",greeklish
> Emas ti mas 8elei kai mas trabaei se afthn thn upo8esh;,greeklish
"People who haven't pooped in 2019 yet, why are you still holding on to last years shit?",English
"But when I finally do, it'll be the years biggest shit ^^^^^so ^^^^^far",English
I've been pissing out my ass all fuckin day.,English
Bold of you to assume I'm going to take a shit this year.,English
We have guests and I literally can't relax.,English
[deleted],English
It's all I have,English
Quality shitpost,English
I‚Äôm letting go right now as I type.,English
"""Fuck you, I won't poo when you tell me""",English
Everyone now thinking about the last time they pooped.,English
Nicely played.,English
"I do what I want, buddy.",English
i‚Äôm constipated Edit: Free Bobby Shmurda,English
Waiting for the Apple Store to open,English
Let‚Äôs see who can go the longest in 2019 without taking a shit Edit: This blew up..,English
[deleted],English
My therapist says it‚Äôs because I have a hard time letting things go,English
IT WON'T COME OUT.,English
I need help :(,English
...huh.. i just realized i haven't pooped today.,English
Edit: obligatory thanks for the gold n' sliver.,English
And my most upvoted comment is about poopin' #hashtag!!1!,English
blessed,English
I was actually sitting on the toilet at midnight.,English
"New year, same shit.",English
I have trust issues,English
"I‚Äôve poop twice since 2019 started, take that 2018!",English
Your shit can‚Äôt hold me back any longer!,English
I literally read this as I sat down for my first 2019 poop.,English
I took Imodium for its labeled purpose yesterday evening and it is still working.,English
Alcohol makes me constipated :P,English
cocaine,English
I did an enema yesterday and didn't eat.,English
2019's first poop will be from food from 2019.,English
Funny you should ask.,English
I don't poop at work,English
"Because, much like 2018, I don't give a crap in 2019.",English
Woke up at 3am because I caught the stomach virus my daughter and my son had.,English
I‚Äôve lost like 4 pounds in the last 12 hours thanks to pooping and vomiting.,English
"Wahoo, back under my pre-pregnancy weight.",English
It won't let go of ME!,English
"Then 2019 is official, right now, as I typed this...(grunt.. sigh) Happy New Year!",English
I'm not ready to release the humongous 2018 crap out yet.,English
Give us time,English
Decided to go to the hospital for chest pains from2018.,English
Hooked up to iv adavan and torrsomething.,English
Maybe ill make it out of here alive or not.,English
Im 40 bday in 5 days to 41.,English
Weight 342.,English
Non smoker no drugs or alchohol.,English
Diet in 18 was fish chicken and veggies plus half gallon of water a day.,English
No high b pressure.,English
No diabietes no high ldl.,English
I walked in to er.before coming in neededto buy groceries.,English
Bought apples blueberries rasberrys plus 2 salmon steaks (for if i get home tonight).,English
So I open up Reddit as I'm taking my 1st 2019 shit.,English
Nice,English
Cause i only shit every 2-3 days,English
had a morning poop and an afternoon poop.,English
both very nice!,English
10/10 quality shitpost,English
I pooped immediately after my 5 am shower.,English
Real shitty way to start the new year.,English
The past haunts me no matter how hard i push.,English
Wow.,English
By the time I was half way reading this headline I became disqualified from answering this question.,English
I just unloaded ALL of last years shit.,English
Too much Turkey and stuffing and potatoes.,English
My stomach is a brick.,English
"Everybody remember to not pee for ""Don't pee January""",English
There's no TP.,English
Damn this post isn't even old enough to show the number for upvotes and it's on the front page with platinum,English
"I had a homemade edible last night, when it decides to break free my bathroom is going to smell like snoop dogg‚Äôs chill spot.",English
"It‚Äôs been 39 days, I should probably see a doctor",English
I had a Donner Kebab last night sunshine.,English
No fucking way I could hold onto that for long.,English
Launched this morning like a Chilean mudslide...,English
I ate a ribeye at 2am last night.,English
Things are processing slowly.,English
I had surgery a week ago and the stitches are located right at the top of my buttcrack.,English
"At first, pooping was something that my stitches could handle, but the last 2 days have been a nightmare.",English
"Every time I bend the wrong way, including sitting on the toilet, my incision bleeds.",English
"Seeing the doctor tomorrow, but until then- no pooping for me.",English
Did anyone mention poop knives yet?,English
"""Reddit, huh?",English
"I bet it's pretty expensive.""",English
"""What?",English
No.,English
It's free.,English
"You just make an account.""",English
"""But, you know, to post stuff.",English
"It's gotta cost something, right?""",English
"""No.",English
"No, you just post what you want.""",English
"""Whatever I want?""",English
"""Yeah.",English
"Try not to post stupid-ass shit, but yeah, whatever you want.""",English
"""Whatever I want...""",English
Cheese,English
why is this the top of all time,English
"Somewhere out there, somebody has made the biggest poop of the year.",English
And they don't even know it.,English
And the smallest shit.,English
Schrodinger's shit,English
You have had this account for 4 years and the only posts on it are fairly disturbing....,English
Same.,English
Shitting through the eye of a needle.,English
Username checks out,English
Ugh same.,English
The intoxicated version of myself doesn‚Äôt have a lactose intolerance but unfortunately the sober version does and has to deal with what the former ate.,English
Me too.,English
Bloody hell.,English
"Got a case of the beer shits, eh?",English
My arsehole looks like a chewed orange.,English
Liquor shits are the worst.,English
bottling it up is not healthy!,English
"Fun fact, If you don't poop for long enough it will literally back up into your stomach and you will throw up shit and become septic.",English
I knew a woman on methadone who became so constipated she stopped pooping and didn't do anything about it until she started vomiting up shit and almost died.,English
I can't even imagine what the process of clearing 28ft (8.53m) of mostly hard dried up shit from your intestines is like after that if you survive,English
You guys gearing up for don't-pee-january?,English
"Ahhh, I see I'm not the only one with poop anxiety",English
"While friends were here today for football, I snuck away for my own bowl game.",English
Go somewhere else.,English
This is the test of a true friend.,English
"You could shit in my guest bathroom any old time buddy, you hang in there",English
I can't relax when strangers are around.,English
It's not just pooping it's a my time to relax!,English
!,English
[deleted],English
Aw man what a terrible way to spend NYE!,English
I hope you feel better soon bud!,English
Where at?,English
I was puking all day saturday..I couldn't keep down even water and thought my skin looked a strange color so I thought I should go to the doctor..Was extremely weak too.,English
Some anti-vomit/nausea medicine and an IV and I felt better in a few hours.,English
I kinda wonder if I actually should have gone or if I should have toughened it out for 24 hours and hoped to get better..,English
"I have no one to take care of me while I'm sick and I was worried of becoming ""too sick"" too.. -edit..",English
I live in socal seems to be going around the US?..Weird thing is that I hardly go out and get in contact with people.,English
Like I can pinpoint exactly where I got it from and when..,English
Which was when I went out for some fast food on friday night..It was my favorite place so maybe one of the employees got sick a few days earlier and didn't wash enough?,English
or a customer got sick and their sick germs were all over the place..,English
I do know the norovirus is extremely contagious.. Was also wondering if I should call them and tell them I got the stomach flu from their place or not..,English
Never trust a fart.,English
The exact same thing happened to me.,English
We're in this together!,English
"Stay hydrated, bud.",English
same :(,English
That was me too this NYE (mine started at 5:30am) but I had both the diarrhea and vomit.,English
So much for going out to a party with my crush instead I was asleep before 11pm.,English
ü§∑üèº‚Äç‚ôÄÔ∏è,English
I had that same bug.,English
It hit me Wednesday night last week.,English
"I was fortunate not to vomit, I hate vomiting.",English
"But I shit a stream for 4 hours last Wednesday night, most of the day Thursday I slept (14+ hours) and didn't feel quite right most of the day Saturday and Sunday.",English
"Early in the hours of Monday AM, I farted in my sleep and I felt it, I shit myself with a liquid fart, and proceeded to have a relapse of diahrea for another 2 hours.",English
"Fortunately, I caught just a small bit of it and didn't make any mess outside of my sleep shorts.",English
"I felt terrible Monday, and put myself on the BRAT (Bananas, Applesauce, Rice, Toast) diet for the day yesterday, and today I feel like a new man.",English
Edit: auto corrected word.,English
"Same shit happened to me too, but I can't hold onto anything I eat, comes back up.",English
Man is that just spreading around?,English
I got one on Christmas and it ended up being all of us just throwing up and diarrhea for days,English
"it's time to [let go](https://youtu.be/L0MK7qz13bU?t=67) **edit** reddit silver for a 2013 meme, what a time to be alive",English
"Finding it, that's not the hard part... it's letting go.",English
"I don't know, the content is really only about crap from last year.",English
"Good, time to take that 2019 air in",English
Yo same,English
Happy Cake & Poop Day!,English
Same,English
Rage Against The Latrine Edit: I cant believe my first gold is a shitty pun.,English
Thanks everyone and Happy New Year!,English
Bowels on Parade.,English
"""And now you poop when they tell ya!""",English
"Ahh, everyone's favorite RATM song, Pooping in the Name",English
MOTHER FUCKER!,English
release the bowels of hell open,English
# FUCK YOU I WONT POO WHEN TOU TELL ME,English
"""what does the billboard say?",English
"Poo and play, poo and play!",English
"Forget about the movement""",English
"""And now you poo when they told ya.""",English
[deleted],English
What a shitty thought,English
When you have a caffeine addiction you don't need to think that far back.,English
[deleted],English
"No, because I‚Äôm reading this while I poop.",English
it's not good to hold on to things for too long,English
[deleted],English
**F**,English
"Just down a big bottle of tobacco, should clear ya right up.",English
"Or these brownies my roommate made, they are really delicious Edit: Yes I know, I'm not changing it though",English
Couldn‚Äôt give a shit,English
"I'm the same, it fucking sucks, couldn't enjoy last night party because of it",English
"Fiber, coffee, laxatives, repeat.",English
I haven't shit since Friday.,English
"I've had 2 laxatives, 2 stool softeners, and a glycerin suppository.",English
"Still couldn't shit until today, and it was only a little bit I know that's too much information but it's last year's information so it's outdated anyway.",English
Try drinking coffee.,English
It works as a laxative for 30-40% of the population.,English
Funny I saw this because I just spent 30 minutes googling solutions before opening Reddit.,English
I‚Äôm already chronically constipated but it‚Äôs real bad rn which sucks cos I‚Äôm on vacation and hate feeling so bloated.,English
"Artificial intelligence (AI) refers to the capability of computational systems to perform tasks typically associated with human intelligence, such as learning, reasoning, problem-solving, perception, and decision-making.",English
It is a field of research in computer science that develops and studies methods and software that enable machines to perceive their environment and use learning and intelligence to take actions that maximize their chances of achieving defined goals.,English
Such machines may be called AIs.,English
"High-profile applications of AI include advanced web search engines (e.g., Google Search); recommendation systems (used by YouTube, Amazon, and Netflix); virtual assistants (e.g., Google Assistant, Siri, and Alexa); autonomous vehicles (e.g., Waymo); generative and creative tools (e.g., ChatGPT and AI art); and superhuman play and analysis in strategy games (e.g., chess and Go).",English
"However, many AI applications are not perceived as AI: ""A lot of cutting edge AI has filtered into general applications, often without being called AI because once something becomes useful enough and common enough it's not labeled AI anymore.""",English
Various subfields of AI research are centered around particular goals and the use of particular tools.,English
"The traditional goals of AI research include learning, reasoning, knowledge representation, planning, natural language processing, perception, and support for robotics.",English
[a] General intelligence‚Äîthe ability to complete any task performed by a human on an at least equal level‚Äîis among the field's long-term goals.,English
"To reach these goals, AI researchers have adapted and integrated a wide range of techniques, including search and mathematical optimization, formal logic, artificial neural networks, and methods based on statistics, operations research, and economics.",English
"[b] AI also draws upon psychology, linguistics, philosophy, neuroscience, and other fields.",English
"Artificial intelligence was founded as an academic discipline in 1956, and the field went through multiple cycles of optimism throughout its history, followed by periods of disappointment and loss of funding, known as AI winters.",English
Funding and interest vastly increased after 2012 when deep learning outperformed previous AI techniques.,English
"This growth accelerated further after 2017 with the transformer architecture, and by the early 2020s many billions of dollars were being invested in AI and the field experienced rapid ongoing progress in what has become known as the AI boom.",English
"The emergence of advanced generative AI in the midst of the AI boom and its ability to create and modify content exposed several unintended consequences and harms in the present and raised concerns about the risks of AI and its long-term effects in the future, prompting discussions about regulatory policies to ensure the safety and benefits of the technology.",English
The general problem of simulating (or creating) intelligence has been broken into subproblems.,English
These consist of particular traits or capabilities that researchers expect an intelligent system to display.,English
The traits described below have received the most attention and cover the scope of AI research.,English
[a],English
Early researchers developed algorithms that imitated step-by-step reasoning that humans use when they solve puzzles or make logical deductions.,English
"By the late 1980s and 1990s, methods were developed for dealing with uncertain or incomplete information, employing concepts from probability and economics.",English
"Many of these algorithms are insufficient for solving large reasoning problems because they experience a ""combinatorial explosion"": They become exponentially slower as the problems grow.",English
Even humans rarely use the step-by-step deduction that early AI research could model.,English
"They solve most of their problems using fast, intuitive judgments.",English
Accurate and efficient reasoning is an unsolved problem.,English
Knowledge representation and knowledge engineering allow AI programs to answer questions intelligently and make deductions about real-world facts.,English
"Formal knowledge representations are used in content-based indexing and retrieval, scene interpretation, clinical decision support, knowledge discovery (mining ""interesting"" and actionable inferences from large databases), and other areas.",English
A knowledge base is a body of knowledge represented in a form that can be used by a program.,English
"An ontology is the set of objects, relations, concepts, and properties used by a particular domain of knowledge.",English
"Knowledge bases need to represent things such as objects, properties, categories, and relations between objects; situations, events, states, and time; causes and effects; knowledge about knowledge (what we know about what other people know); default reasoning (things that humans assume are true until they are told differently and will remain true even when other facts are changing); and many other aspects and domains of knowledge.",English
"Among the most difficult problems in knowledge representation are the breadth of commonsense knowledge (the set of atomic facts that the average person knows is enormous); and the sub-symbolic form of most commonsense knowledge (much of what people know is not represented as ""facts"" or ""statements"" that they could express verbally).",English
"There is also the difficulty of knowledge acquisition, the problem of obtaining knowledge for AI applications.",English
[c],English
"An ""agent"" is anything that perceives and takes actions in the world.",English
A rational agent has goals or preferences and takes actions to make them happen.,English
"[d] In automated planning, the agent has a specific goal.",English
"In automated decision-making, the agent has preferences‚Äîthere are some situations it would prefer to be in, and some situations it is trying to avoid.",English
"The decision-making agent assigns a number to each situation (called the ""utility"") that measures how much the agent prefers it.",English
"For each possible action, it can calculate the ""expected utility"": the utility of all possible outcomes of the action, weighted by the probability that the outcome will occur.",English
It can then choose the action with the maximum expected utility.,English
"In classical planning, the agent knows exactly what the effect of any action will be.",English
"In most real-world problems, however, the agent may not be certain about the situation they are in (it is ""unknown"" or ""unobservable"") and it may not know for certain what will happen after each possible action (it is not ""deterministic"").",English
It must choose an action by making a probabilistic guess and then reassess the situation to see if the action worked.,English
"In some problems, the agent's preferences may be uncertain, especially if there are other agents or humans involved.",English
"These can be learned (e.g., with inverse reinforcement learning), or the agent can seek information to improve its preferences.",English
Information value theory can be used to weigh the value of exploratory or experimental actions.,English
"The space of possible future actions and situations is typically intractably large, so the agents must take actions and evaluate situations while being uncertain of what the outcome will be.",English
A Markov decision process has a transition model that describes the probability that a particular action will change the state in a particular way and a reward function that supplies the utility of each state and the cost of each action.,English
A policy associates a decision with each possible state.,English
"The policy could be calculated (e.g., by iteration), be heuristic, or it can be learned.",English
Game theory describes the rational behavior of multiple interacting agents and is used in AI programs that make decisions that involve other agents.,English
Machine learning is the study of programs that can improve their performance on a given task automatically.,English
It has been a part of AI from the beginning.,English
[e],English
There are several kinds of machine learning.,English
Unsupervised learning analyzes a stream of data and finds patterns and makes predictions without any other guidance.,English
"Supervised learning requires labeling the training data with the expected answers, and comes in two main varieties: classification (where the program must learn to predict what category the input belongs in) and regression (where the program must deduce a numeric function based on numeric input).",English
"In reinforcement learning, the agent is rewarded for good responses and punished for bad ones.",English
"The agent learns to choose responses that are classified as ""good"".",English
Transfer learning is when the knowledge gained from one problem is applied to a new problem.,English
Deep learning is a type of machine learning that runs inputs through biologically inspired artificial neural networks for all of these types of learning.,English
"Computational learning theory can assess learners by computational complexity, by sample complexity (how much data is required), or by other notions of optimization.",English
"Natural language processing (NLP) allows programs to read, write and communicate in human languages such as English.",English
"Specific problems include speech recognition, speech synthesis, machine translation, information extraction, information retrieval and question answering.",English
"Early work, based on Noam Chomsky's generative grammar and semantic networks, had difficulty with word-sense disambiguation[f] unless restricted to small domains called ""micro-worlds"" (due to the common sense knowledge problem).",English
"Margaret Masterman believed that it was meaning and not grammar that was the key to understanding languages, and that thesauri and not dictionaries should be the basis of computational language structure.",English
"Modern deep learning techniques for NLP include word embedding (representing words, typically as vectors encoding their meaning), transformers (a deep learning architecture using an attention mechanism), and others.",English
"In 2019, generative pre-trained transformer (or ""GPT"") language models began to generate coherent text, and by 2023, these models were able to get human-level scores on the bar exam, SAT test, GRE test, and many other real-world applications.",English
"Machine perception is the ability to use input from sensors (such as cameras, microphones, wireless signals, active lidar, sonar, radar, and tactile sensors) to deduce aspects of the world.",English
Computer vision is the ability to analyze visual input.,English
"The field includes speech recognition, image classification, facial recognition, object recognition,object tracking, and robotic perception.",English
"Affective computing is a field that comprises systems that recognize, interpret, process, or simulate human feeling, emotion, and mood.",English
"For example, some virtual assistants are programmed to speak conversationally or even to banter humorously; it makes them appear more sensitive to the emotional dynamics of human interaction, or to otherwise facilitate human‚Äìcomputer interaction.",English
"However, this tends to give na√Øve users an unrealistic conception of the intelligence of existing computer agents.",English
"Moderate successes related to affective computing include textual sentiment analysis and, more recently, multimodal sentiment analysis, wherein AI classifies the effects displayed by a videotaped subject.",English
A machine with artificial general intelligence should be able to solve a wide variety of problems with breadth and versatility similar to human intelligence.,English
AI research uses a wide variety of techniques to accomplish the goals above.,English
[b],English
AI can solve many problems by intelligently searching through many possible solutions.,English
There are two very different kinds of search used in AI: state space search and local search.,English
State space search searches through a tree of possible states to try to find a goal state.,English
"For example, planning algorithms search through trees of goals and subgoals, attempting to find a path to a target goal, a process called means-ends analysis.",English
Simple exhaustive searches are rarely sufficient for most real-world problems: the search space (the number of places to search) quickly grows to astronomical numbers.,English
The result is a search that is too slow or never completes.,English
"""Heuristics"" or ""rules of thumb"" can help prioritize choices that are more likely to reach a goal.",English
"Adversarial search is used for game-playing programs, such as chess or Go.",English
"It searches through a tree of possible moves and countermoves, looking for a winning position.",English
Local search uses mathematical optimization to find a solution to a problem.,English
It begins with some form of guess and refines it incrementally.,English
Gradient descent is a type of local search that optimizes a set of numerical parameters by incrementally adjusting them to minimize a loss function.,English
"Variants of gradient descent are commonly used to train neural networks, through the backpropagation algorithm.",English
"Another type of local search is evolutionary computation, which aims to iteratively improve a set of candidate solutions by ""mutating"" and ""recombining"" them, selecting only the fittest to survive each generation.",English
Distributed search processes can coordinate via swarm intelligence algorithms.,English
Two popular swarm algorithms used in search are particle swarm optimization (inspired by bird flocking) and ant colony optimization (inspired by ant trails).,English
Formal logic is used for reasoning and knowledge representation.,English
"Formal logic comes in two main forms: propositional logic (which operates on statements that are true or false and uses logical connectives such as ""and"", ""or"", ""not"" and ""implies"") and predicate logic (which also operates on objects, predicates and relations and uses quantifiers such as ""Every X is a Y"" and ""There are some Xs that are Ys"").",English
Deductive reasoning in logic is the process of proving a new statement (conclusion) from other statements that are given and assumed to be true (the premises).,English
"Proofs can be structured as proof trees, in which nodes are labelled by sentences, and children nodes are connected to parent nodes by inference rules.",English
"Given a problem and a set of premises, problem-solving reduces to searching for a proof tree whose root node is labelled by a solution of the problem and whose leaf nodes are labelled by premises or axioms.",English
"In the case of Horn clauses, problem-solving search can be performed by reasoning forwards from the premises or backwards from the problem.",English
"In the more general case of the clausal form of first-order logic, resolution is a single, axiom-free rule of inference, in which a problem is solved by proving a contradiction from premises that include the negation of the problem to be solved.",English
"Inference in both Horn clause logic and first-order logic is undecidable, and therefore intractable.",English
"However, backward reasoning with Horn clauses, which underpins computation in the logic programming language Prolog, is Turing complete.",English
"Moreover, its efficiency is competitive with computation in other symbolic programming languages.",English
"Fuzzy logic assigns a ""degree of truth"" between 0 and 1.",English
It can therefore handle propositions that are vague and partially true.,English
"Non-monotonic logics, including logic programming with negation as failure, are designed to handle default reasoning.",English
Other specialized versions of logic have been developed to describe many complex domains.,English
"Many problems in AI (including in reasoning, planning, learning, perception, and robotics) require the agent to operate with incomplete or uncertain information.",English
AI researchers have devised a number of tools to solve these problems using methods from probability theory and economics.,English
"Precise mathematical tools have been developed that analyze how an agent can make choices and plan, using decision theory, decision analysis, and information value theory.",English
"These tools include models such as Markov decision processes, dynamic decision networks, game theory and mechanism design.",English
"Bayesian networks are a tool that can be used for reasoning (using the Bayesian inference algorithm),[g] learning (using the expectation‚Äìmaximization algorithm),[h] planning (using decision networks) and perception (using dynamic Bayesian networks).",English
"Probabilistic algorithms can also be used for filtering, prediction, smoothing, and finding explanations for streams of data, thus helping perception systems analyze processes that occur over time (e.g., hidden Markov models or Kalman filters).",English
"The simplest AI applications can be divided into two types: classifiers (e.g., ""if shiny then diamond""), on one hand, and controllers (e.g., ""if diamond then pick up""), on the other hand.",English
Classifiers are functions that use pattern matching to determine the closest match.,English
They can be fine-tuned based on chosen examples using supervised learning.,English
"Each pattern (also called an ""observation"") is labeled with a certain predefined class.",English
All the observations combined with their class labels are known as a data set.,English
"When a new observation is received, that observation is classified based on previous experience.",English
There are many kinds of classifiers in use.,English
The decision tree is the simplest and most widely used symbolic machine learning algorithm.,English
"K-nearest neighbor algorithm was the most widely used analogical AI until the mid-1990s, and Kernel methods such as the support vector machine (SVM) displaced k-nearest neighbor in the 1990s.",English
"The naive Bayes classifier is reportedly the ""most widely used learner"" at Google, due in part to its scalability.",English
Neural networks are also used as classifiers.,English
"An artificial neural network is based on a collection of nodes also known as artificial neurons, which loosely model the neurons in a biological brain.",English
"It is trained to recognise patterns; once trained, it can recognise those patterns in fresh data.",English
"There is an input, at least one hidden layer of nodes and an output.",English
"Each node applies a function and once the weight crosses its specified threshold, the data is transmitted to the next layer.",English
A network is typically called a deep neural network if it has at least 2 hidden layers.,English
Learning algorithms for neural networks use local search to choose the weights that will get the right output for each input during training.,English
The most common training technique is the backpropagation algorithm.,English
Neural networks learn to model complex relationships between inputs and outputs and find patterns in data.,English
"In theory, a neural network can learn any function.",English
In feedforward neural networks the signal passes in only one direction.,English
"Recurrent neural networks feed the output signal back into the input, which allows short-term memories of previous input events.",English
Long short term memory is the most successful network architecture for recurrent networks.,English
Perceptrons use only a single layer of neurons; deep learning uses multiple layers.,English
"Convolutional neural networks strengthen the connection between neurons that are ""close"" to each other‚Äîthis is especially important in image processing, where a local set of neurons must identify an ""edge"" before the network can identify an object.",English
Deep learning uses several layers of neurons between the network's inputs and outputs.,English
The multiple layers can progressively extract higher-level features from the raw input.,English
"For example, in image processing, lower layers may identify edges, while higher layers may identify the concepts relevant to a human such as digits, letters, or faces.",English
"Deep learning has profoundly improved the performance of programs in many important subfields of artificial intelligence, including computer vision, speech recognition, natural language processing, image classification, and others.",English
The reason that deep learning performs so well in so many applications is not known as of 2021.,English
"The sudden success of deep learning in 2012‚Äì2015 did not occur because of some new discovery or theoretical breakthrough (deep neural networks and backpropagation had been described by many people, as far back as the 1950s)[i] but because of two factors: the incredible increase in computer power (including the hundred-fold increase in speed by switching to GPUs) and the availability of vast amounts of training data, especially the giant curated datasets used for benchmark testing, such as ImageNet.",English
[j],English
Generative pre-trained transformers (GPT) are large language models (LLMs) that generate text based on the semantic relationships between words in sentences.,English
Text-based GPT models are pretrained on a large corpus of text that can be from the Internet.,English
"The pretraining consists of predicting the next token (a token being usually a word, subword, or punctuation).",English
"Throughout this pretraining, GPT models accumulate knowledge about the world and can then generate human-like text by repeatedly predicting the next token.",English
"Typically, a subsequent training phase makes the model more truthful, useful, and harmless, usually with a technique called reinforcement learning from human feedback (RLHF).",English
"Current GPT models are prone to generating falsehoods called ""hallucinations"", although this can be reduced with RLHF and quality data.",English
"They are used in chatbots, which allow people to ask a question or request a task in simple text.",English
"Current models and services include Gemini (formerly Bard), ChatGPT, Grok, Claude, Copilot, and LLaMA.",English
"Multimodal GPT models can process different types of data (modalities) such as images, videos, sound, and text.",English
"In the late 2010s, graphics processing units (GPUs) that were increasingly designed with AI-specific enhancements and used with specialized TensorFlow software had replaced previously used central processing unit (CPUs) as the dominant means for large-scale (commercial and academic) machine learning models' training.",English
"Specialized programming languages such as Prolog were used in early AI research, but general-purpose programming languages like Python have become predominant.",English
"The transistor density in integrated circuits has been observed to roughly double every 18 months‚Äîa trend known as Moore's law, named after the Intel co-founder Gordon Moore, who first identified it.",English
"Improvements in GPUs have been even faster, a trend sometimes called Huang's law, named after Nvidia co-founder and CEO Jensen Huang.",English
"AI and machine learning technology is used in most of the essential applications of the 2020s, including: search engines (such as Google Search), targeting online advertisements, recommendation systems (offered by Netflix, YouTube or Amazon), driving internet traffic, targeted advertising (AdSense, Facebook), virtual assistants (such as Siri or Alexa), autonomous vehicles (including drones, ADAS and self-driving cars), automatic language translation (Microsoft Translator, Google Translate), facial recognition (Apple's Face ID or Microsoft's DeepFace and Google's FaceNet) and image labeling (used by Facebook, Apple's iPhoto and TikTok).",English
The deployment of AI may be overseen by a Chief automation officer (CAO).,English
The application of AI in medicine and medical research has the potential to increase patient care and quality of life.,English
"Through the lens of the Hippocratic Oath, medical professionals are ethically compelled to use AI, if applications can more accurately diagnose and treat patients.",English
"For medical research, AI is an important tool for processing and integrating big data.",English
This is particularly important for organoid and tissue engineering development which use microscopy imaging as a key technique in fabrication.,English
It has been suggested that AI can overcome discrepancies in funding allocated to different fields of research.,English
New AI tools can deepen the understanding of biomedically relevant pathways.,English
"For example, AlphaFold 2 (2021) demonstrated the ability to approximate, in hours rather than months, the 3D structure of a protein.",English
"In 2023, it was reported that AI-guided drug discovery helped find a class of antibiotics capable of killing two different types of drug-resistant bacteria.",English
"In 2024, researchers used machine learning to accelerate the search for Parkinson's disease drug treatments.",English
"Their aim was to identify compounds that block the clumping, or aggregation, of alpha-synuclein (the protein that characterises Parkinson's disease).",English
They were able to speed up the initial screening process ten-fold and reduce the cost by a thousand-fold.,English
Game playing programs have been used since the 1950s to demonstrate and test AI's most advanced techniques.,English
"Deep Blue became the first computer chess-playing system to beat a reigning world chess champion, Garry Kasparov, on 11 May 1997.",English
"In 2011, in a Jeopardy!",English
"quiz show exhibition match, IBM's question answering system, Watson, defeated the two greatest Jeopardy!",English
"champions, Brad Rutter and Ken Jennings, by a significant margin.",English
"In March 2016, AlphaGo won 4 out of 5 games of Go in a match with Go champion Lee Sedol, becoming the first computer Go-playing system to beat a professional Go player without handicaps.",English
"Then, in 2017, it defeated Ke Jie, who was the best Go player in the world.",English
"Other programs handle imperfect-information games, such as the poker-playing program Pluribus.",English
"DeepMind developed increasingly generalistic reinforcement learning models, such as with MuZero, which could be trained to play chess, Go, or Atari games.",English
"In 2019, DeepMind's AlphaStar achieved grandmaster level in StarCraft II, a particularly challenging real-time strategy game that involves incomplete knowledge of what happens on the map.",English
"In 2021, an AI agent competed in a PlayStation Gran Turismo competition, winning against four of the world's best Gran Turismo drivers using deep reinforcement learning.",English
"In 2024, Google DeepMind introduced SIMA, a type of AI capable of autonomously playing nine previously unseen open-world video games by observing screen output, as well as executing short, specific tasks in response to natural language instructions.",English
"Large language models, such as GPT-4, Gemini, Claude, LLaMa or Mistral, are increasingly used in mathematics.",English
"These probabilistic models are versatile, but can also produce wrong answers in the form of hallucinations.",English
"They sometimes need a large database of mathematical problems to learn from, but also methods such as supervised fine-tuning or trained classifiers with human-annotated data to improve answers for new problems and learn from corrections.",English
"A February 2024 study showed that the performance of some language models for reasoning capabilities in solving math problems not included in their training data was low, even for problems with only minor deviations from trained data.",English
"One technique to improve their performance involves training the models to produce correct reasoning steps, rather than just the correct result.",English
"The Alibaba Group developed a version of its Qwen models called Qwen2-Math, that achieved state-of-the-art performance on several mathematical benchmarks, including 84% accuracy on the MATH dataset of competition mathematics problems.",English
"In January 2025, Microsoft proposed the technique rStar-Math that leverages Monte Carlo tree search and step-by-step reasoning, enabling a relatively small language model like Qwen-7B to solve 53% of the AIME 2024 and 90% of the MATH benchmark problems.",English
"Alternatively, dedicated models for mathematical problem solving with higher precision for the outcome including proof of theorems have been developed such as AlphaTensor, AlphaGeometry and AlphaProof all from Google DeepMind, Llemma from EleutherAI or Julius.",English
"When natural language is used to describe mathematical problems, converters can transform such prompts into a formal language such as Lean to define mathematical tasks.",English
"Some models have been developed to solve challenging problems and reach good results in benchmark tests, others to serve as educational tools in mathematics.",English
Topological deep learning integrates various topological approaches.,English
"Finance is one of the fastest growing sectors where applied AI tools are being deployed: from retail online banking to investment advice and insurance, where automated ""robot advisers"" have been in use for some years.",English
"According to Nicolas Firzli, director of the World Pensions & Investments Forum, it may be too early to see the emergence of highly innovative AI-informed financial products and services.",English
"He argues that ""the deployment of AI tools will simply further automatise things: destroying tens of thousands of jobs in banking, financial planning, and pension advice in the process, but I'm not sure it will unleash a new wave of [e.g., sophisticated] pension innovation.""",English
Various countries are deploying AI military applications.,English
"The main applications enhance command and control, communications, sensors, integration and interoperability.",English
"Research is targeting intelligence collection and analysis, logistics, cyber operations, information operations, and semiautonomous and autonomous vehicles.",English
